id,BbAvH
E0_2009_2010_0,1.66
E0_2009_2010_1,3.37
E0_2009_2010_2,2.24
E0_2009_2010_3,1.17
E0_2009_2010_4,3.07
E0_2009_2010_5,2.53
E0_2009_2010_6,1.91
E0_2009_2010_7,2.57
E0_2009_2010_9,3.13
E0_2009_2010_8,1.19
E0_2009_2010_10,6.88
E0_2009_2010_11,1.69
E0_2009_2010_12,2.04
E0_2009_2010_13,9.79
E0_2009_2010_14,3.8
E0_2009_2010_15,1.25
E0_2009_2010_21,6.48
E0_2009_2010_20,2.07
E0_2009_2010_19,1.32
E0_2009_2010_17,2.23
E0_2009_2010_16,1.18
E0_2009_2010_18,2.46
E0_2009_2010_22,3.34
E0_2009_2010_23,6.35
E0_2009_2010_24,3.03
E0_2009_2010_25,1.43
E0_2009_2010_28,1.14
E0_2009_2010_32,2.09
E0_2009_2010_31,1.36
E0_2009_2010_30,2.34
E0_2009_2010_27,6.29
E0_2009_2010_26,2.18
E0_2009_2010_29,2.13
E0_2009_2010_34,1.73
E0_2009_2010_33,1.73
E0_2009_2010_35,5.99
E0_2009_2010_41,1.76
E0_2009_2010_42,3.14
E0_2009_2010_40,8.52
E0_2009_2010_43,2.27
E0_2009_2010_38,2.83
E0_2009_2010_37,1.19
E0_2009_2010_36,1.84
E0_2009_2010_39,2.51
E0_2009_2010_44,3.28
E0_2009_2010_45,2.53
E0_2009_2010_51,6.32
E0_2009_2010_50,2.35
E0_2009_2010_49,2.76
E0_2009_2010_47,1.4
E0_2009_2010_46,1.24
E0_2009_2010_48,2.09
E0_2009_2010_52,1.49
E0_2009_2010_53,1.77
E0_2009_2010_54,1.59
E0_2009_2010_55,2.51
E0_2009_2010_61,8.63
E0_2009_2010_62,1.33
E0_2009_2010_60,3.95
E0_2009_2010_63,10.26
E0_2009_2010_58,6.32
E0_2009_2010_57,3.0
E0_2009_2010_56,2.2
E0_2009_2010_59,1.15
E0_2009_2010_64,1.72
E0_2009_2010_65,1.42
E0_2009_2010_66,3.88
E0_2009_2010_67,2.26
E0_2009_2010_68,2.79
E0_2009_2010_69,1.2
E0_2009_2010_70,2.07
E0_2009_2010_74,2.16
E0_2009_2010_73,1.55
E0_2009_2010_71,1.22
E0_2009_2010_72,2.11
E0_2009_2010_75,2.65
E0_2009_2010_76,1.16
E0_2009_2010_77,4.46
E0_2009_2010_78,1.44
E0_2009_2010_79,1.22
E0_2009_2010_80,4.47
E0_2009_2010_81,2.11
E0_2009_2010_82,3.85
E0_2009_2010_83,1.74
E0_2009_2010_84,4.88
E0_2009_2010_85,1.67
E0_2009_2010_91,3.42
E0_2009_2010_90,1.43
E0_2009_2010_89,2.5
E0_2009_2010_88,1.19
E0_2009_2010_87,2.43
E0_2009_2010_86,2.77
E0_2009_2010_92,2.61
E0_2009_2010_93,2.86
E0_2009_2010_94,1.45
E0_2009_2010_95,6.99
E0_2009_2010_104,1.95
E0_2009_2010_103,1.9
E0_2009_2010_102,2.37
E0_2009_2010_101,1.17
E0_2009_2010_98,1.92
E0_2009_2010_99,2.49
E0_2009_2010_97,7.9
E0_2009_2010_96,1.57
E0_2009_2010_100,4.12
E0_2009_2010_105,4.28
E0_2009_2010_106,2.74
E0_2009_2010_111,8.34
E0_2009_2010_109,1.32
E0_2009_2010_110,1.55
E0_2009_2010_107,1.77
E0_2009_2010_108,2.09
E0_2009_2010_112,2.01
E0_2009_2010_113,2.73
E0_2009_2010_114,2.44
E0_2009_2010_115,2.27
E0_2009_2010_116,1.33
E0_2009_2010_120,2.82
E0_2009_2010_123,5.69
E0_2009_2010_122,1.39
E0_2009_2010_121,1.92
E0_2009_2010_119,1.16
E0_2009_2010_118,3.3
E0_2009_2010_117,2.46
E0_2009_2010_124,2.2
E0_2009_2010_125,2.1
E0_2009_2010_126,1.46
E0_2009_2010_127,2.07
E0_2009_2010_128,3.4
E0_2009_2010_134,1.8
E0_2009_2010_135,2.45
E0_2009_2010_133,8.86
E0_2009_2010_132,1.27
E0_2009_2010_131,1.88
E0_2009_2010_130,1.9
E0_2009_2010_129,2.42
E0_2009_2010_136,2.63
E0_2009_2010_137,3.35
E0_2009_2010_138,2.37
E0_2009_2010_146,2.36
E0_2009_2010_145,2.07
E0_2009_2010_144,7.49
E0_2009_2010_143,1.85
E0_2009_2010_142,4.16
E0_2009_2010_141,4.82
E0_2009_2010_140,1.45
E0_2009_2010_139,1.28
E0_2009_2010_147,2.83
E0_2009_2010_148,2.13
E0_2009_2010_157,1.27
E0_2009_2010_156,1.8
E0_2009_2010_155,2.08
E0_2009_2010_153,2.76
E0_2009_2010_154,1.47
E0_2009_2010_151,2.61
E0_2009_2010_150,4.43
E0_2009_2010_149,2.1
E0_2009_2010_152,1.24
E0_2009_2010_158,2.17
E0_2009_2010_159,2.21
E0_2009_2010_160,2.16
E0_2009_2010_161,1.17
E0_2009_2010_162,2.74
E0_2009_2010_164,1.16
E0_2009_2010_166,2.24
E0_2009_2010_163,6.89
E0_2009_2010_165,1.32
E0_2009_2010_171,1.52
E0_2009_2010_167,1.2
E0_2009_2010_168,1.42
E0_2009_2010_169,3.22
E0_2009_2010_170,6.36
E0_2009_2010_172,5.86
E0_2009_2010_174,8.29
E0_2009_2010_173,1.82
E0_2009_2010_175,2.05
E0_2009_2010_181,2.37
E0_2009_2010_183,2.29
E0_2009_2010_180,1.43
E0_2009_2010_182,2.16
E0_2009_2010_178,2.81
E0_2009_2010_177,2.34
E0_2009_2010_179,1.27
E0_2009_2010_176,6.72
E0_2009_2010_184,1.7
E0_2009_2010_185,8.17
E0_2009_2010_190,1.43
E0_2009_2010_189,2.43
E0_2009_2010_191,4.79
E0_2009_2010_187,1.37
E0_2009_2010_186,2.1
E0_2009_2010_188,1.56
E0_2009_2010_192,2.9
E0_2009_2010_193,1.8
E0_2009_2010_194,1.21
E0_2009_2010_195,6.3
E0_2009_2010_196,2.65
E0_2009_2010_197,1.4
E0_2009_2010_198,6.05
E0_2009_2010_199,1.42
E0_2009_2010_204,1.26
E0_2009_2010_205,2.3
E0_2009_2010_203,3.63
E0_2009_2010_201,2.81
E0_2009_2010_200,1.23
E0_2009_2010_202,1.16
E0_2009_2010_206,1.53
E0_2009_2010_207,2.34
E0_2009_2010_208,6.31
E0_2009_2010_209,1.21
E0_2009_2010_210,2.4
E0_2009_2010_211,1.15
E0_2009_2010_213,2.46
E0_2009_2010_212,1.76
E0_2009_2010_214,1.6
E0_2009_2010_215,5.21
E0_2009_2010_216,3.17
E0_2009_2010_217,1.95
E0_2009_2010_218,1.24
E0_2009_2010_219,1.66
E0_2009_2010_224,1.43
E0_2009_2010_226,3.11
E0_2009_2010_223,2.28
E0_2009_2010_225,2.11
E0_2009_2010_221,11.96
E0_2009_2010_220,3.08
E0_2009_2010_222,2.62
E0_2009_2010_227,2.51
E0_2009_2010_228,1.29
E0_2009_2010_229,2.04
E0_2009_2010_230,12.35
E0_2009_2010_231,1.69
E0_2009_2010_239,2.08
E0_2009_2010_238,2.02
E0_2009_2010_237,2.24
E0_2009_2010_236,1.12
E0_2009_2010_234,5.08
E0_2009_2010_233,2.51
E0_2009_2010_232,2.23
E0_2009_2010_235,1.82
E0_2009_2010_240,1.79
E0_2009_2010_241,1.78
E0_2009_2010_242,1.72
E0_2009_2010_243,1.43
E0_2009_2010_244,2.36
E0_2009_2010_245,2.2
E0_2009_2010_251,4.29
E0_2009_2010_250,2.23
E0_2009_2010_249,5.04
E0_2009_2010_247,4.11
E0_2009_2010_246,2.05
E0_2009_2010_248,1.8
E0_2009_2010_252,3.11
E0_2009_2010_253,2.26
E0_2009_2010_254,1.2
E0_2009_2010_255,4.69
E0_2009_2010_256,2.32
E0_2009_2010_257,1.76
E0_2009_2010_258,10.08
E0_2009_2010_263,3.69
E0_2009_2010_262,2.44
E0_2009_2010_260,1.94
E0_2009_2010_259,1.37
E0_2009_2010_261,2.09
E0_2009_2010_264,1.19
E0_2009_2010_269,5.19
E0_2009_2010_265,1.92
E0_2009_2010_266,1.96
E0_2009_2010_267,2.03
E0_2009_2010_268,1.43
E0_2009_2010_271,2.17
E0_2009_2010_272,1.98
E0_2009_2010_270,1.35
E0_2009_2010_273,1.14
E0_2009_2010_274,1.78
E0_2009_2010_275,9.86
E0_2009_2010_276,1.37
E0_2009_2010_277,5.84
E0_2009_2010_278,2.37
E0_2009_2010_279,2.05
E0_2009_2010_280,2.52
E0_2009_2010_287,1.44
E0_2009_2010_286,3.19
E0_2009_2010_285,7.94
E0_2009_2010_283,2.28
E0_2009_2010_282,2.09
E0_2009_2010_281,2.94
E0_2009_2010_284,1.22
E0_2009_2010_288,1.22
E0_2009_2010_289,3.44
E0_2009_2010_290,1.25
E0_2009_2010_291,3.52
E0_2009_2010_297,2.16
E0_2009_2010_298,1.79
E0_2009_2010_296,3.44
E0_2009_2010_294,1.53
E0_2009_2010_293,1.39
E0_2009_2010_292,1.22
E0_2009_2010_295,2.14
E0_2009_2010_299,7.59
E0_2009_2010_300,3.14
E0_2009_2010_301,1.68
E0_2009_2010_302,1.77
E0_2009_2010_306,11.53
E0_2009_2010_305,1.89
E0_2009_2010_304,2.02
E0_2009_2010_303,1.55
E0_2009_2010_307,6.52
E0_2009_2010_308,8.03
E0_2009_2010_309,1.39
E0_2009_2010_310,2.4
E0_2009_2010_311,1.22
E0_2009_2010_312,2.11
E0_2009_2010_313,3.65
E0_2009_2010_315,1.3
E0_2009_2010_314,2.57
E0_2009_2010_316,1.34
E0_2009_2010_318,2.92
E0_2009_2010_322,1.79
E0_2009_2010_323,3.53
E0_2009_2010_321,3.27
E0_2009_2010_317,1.22
E0_2009_2010_319,4.99
E0_2009_2010_320,2.6
E0_2009_2010_324,4.58
E0_2009_2010_325,1.43
E0_2009_2010_326,2.02
E0_2009_2010_327,1.72
E0_2009_2010_328,2.03
E0_2009_2010_332,2.26
E0_2009_2010_331,1.41
E0_2009_2010_330,1.3
E0_2009_2010_329,7.1
E0_2009_2010_333,1.13
E0_2009_2010_334,2.23
E0_2009_2010_335,3.12
E0_2009_2010_336,1.55
E0_2009_2010_343,4.04
E0_2009_2010_341,2.02
E0_2009_2010_340,2.76
E0_2009_2010_342,1.57
E0_2009_2010_338,2.7
E0_2009_2010_337,1.75
E0_2009_2010_339,2.06
E0_2009_2010_344,5.36
E0_2009_2010_345,6.21
E0_2009_2010_346,1.35
E0_2009_2010_347,3.45
E0_2009_2010_353,2.27
E0_2009_2010_352,1.82
E0_2009_2010_351,1.46
E0_2009_2010_349,1.55
E0_2009_2010_348,1.96
E0_2009_2010_350,2.36
E0_2009_2010_354,1.6
E0_2009_2010_355,5.84
E0_2009_2010_356,1.14
E0_2009_2010_357,1.4
E0_2009_2010_361,3.61
E0_2009_2010_358,1.51
E0_2009_2010_359,1.85
E0_2009_2010_360,2.38
E0_2009_2010_362,1.25
E0_2009_2010_364,4.09
E0_2009_2010_363,2.28
E0_2009_2010_365,8.54
E0_2009_2010_367,1.79
E0_2009_2010_366,3.57
E0_2009_2010_368,2.07
E0_2009_2010_369,2.0
E0_2009_2010_378,4.1
E0_2009_2010_377,1.12
E0_2009_2010_376,6.22
E0_2009_2010_375,1.28
E0_2009_2010_379,2.3
E0_2009_2010_373,6.51
E0_2009_2010_372,2.2
E0_2009_2010_371,1.55
E0_2009_2010_370,1.18
E0_2009_2010_374,1.09
E0_2010_2011_7,2.33
E0_2010_2011_6,1.82
E0_2010_2011_5,2.39
E0_2010_2011_4,2.18
E0_2010_2011_3,1.16
E0_2010_2011_1,2.92
E0_2010_2011_0,1.96
E0_2010_2011_2,2.2
E0_2010_2011_8,2.47
E0_2010_2011_9,1.23
E0_2010_2011_15,2.22
E0_2010_2011_16,13.11
E0_2010_2011_14,2.46
E0_2010_2011_10,1.16
E0_2010_2011_12,1.48
E0_2010_2011_11,2.25
E0_2010_2011_13,3.27
E0_2010_2011_17,6.1
E0_2010_2011_18,3.04
E0_2010_2011_19,2.33
E0_2010_2011_25,2.4
E0_2010_2011_24,1.24
E0_2010_2011_23,1.14
E0_2010_2011_21,3.07
E0_2010_2011_20,5.66
E0_2010_2011_22,1.11
E0_2010_2011_26,2.52
E0_2010_2011_27,2.09
E0_2010_2011_28,1.22
E0_2010_2011_29,4.31
E0_2010_2011_35,3.61
E0_2010_2011_37,2.46
E0_2010_2011_36,9.84
E0_2010_2011_34,1.56
E0_2010_2011_32,1.83
E0_2010_2011_31,4.21
E0_2010_2011_30,1.24
E0_2010_2011_33,1.34
E0_2010_2011_38,3.12
E0_2010_2011_39,2.47
E0_2010_2011_43,1.92
E0_2010_2011_40,1.78
E0_2010_2011_41,2.02
E0_2010_2011_42,1.6
E0_2010_2011_44,5.42
E0_2010_2011_45,1.43
E0_2010_2011_46,2.28
E0_2010_2011_47,1.1
E0_2010_2011_48,1.7
E0_2010_2011_49,4.89
E0_2010_2011_56,3.58
E0_2010_2011_55,3.41
E0_2010_2011_54,1.45
E0_2010_2011_53,2.68
E0_2010_2011_52,3.12
E0_2010_2011_51,1.81
E0_2010_2011_50,1.21
E0_2010_2011_57,7.11
E0_2010_2011_58,1.94
E0_2010_2011_59,2.83
E0_2010_2011_66,2.27
E0_2010_2011_65,2.26
E0_2010_2011_64,2.13
E0_2010_2011_63,1.96
E0_2010_2011_62,4.93
E0_2010_2011_61,2.26
E0_2010_2011_60,2.72
E0_2010_2011_67,1.7
E0_2010_2011_68,1.32
E0_2010_2011_69,1.43
E0_2010_2011_75,1.82
E0_2010_2011_74,1.26
E0_2010_2011_73,2.84
E0_2010_2011_76,2.24
E0_2010_2011_71,4.64
E0_2010_2011_70,1.3
E0_2010_2011_72,2.18
E0_2010_2011_78,2.42
E0_2010_2011_77,5.66
E0_2010_2011_79,2.08
E0_2010_2011_80,1.85
E0_2010_2011_81,1.13
E0_2010_2011_82,2.4
E0_2010_2011_83,2.04
E0_2010_2011_84,2.12
E0_2010_2011_85,2.3
E0_2010_2011_86,2.4
E0_2010_2011_87,1.66
E0_2010_2011_88,2.43
E0_2010_2011_89,5.27
E0_2010_2011_95,5.07
E0_2010_2011_94,1.59
E0_2010_2011_93,1.87
E0_2010_2011_90,1.18
E0_2010_2011_91,7.7
E0_2010_2011_92,1.56
E0_2010_2011_96,1.82
E0_2010_2011_97,3.21
E0_2010_2011_98,2.16
E0_2010_2011_99,2.79
E0_2010_2011_105,1.22
E0_2010_2011_106,2.07
E0_2010_2011_104,2.16
E0_2010_2011_101,1.79
E0_2010_2011_102,4.52
E0_2010_2011_100,1.95
E0_2010_2011_103,2.97
E0_2010_2011_107,1.27
E0_2010_2011_108,3.73
E0_2010_2011_109,3.64
E0_2010_2011_110,2.08
E0_2010_2011_111,1.54
E0_2010_2011_119,5.71
E0_2010_2011_118,4.62
E0_2010_2011_117,2.29
E0_2010_2011_116,1.94
E0_2010_2011_113,1.2
E0_2010_2011_114,1.63
E0_2010_2011_112,1.62
E0_2010_2011_115,2.57
E0_2010_2011_125,1.87
E0_2010_2011_127,2.34
E0_2010_2011_126,2.46
E0_2010_2011_124,1.61
E0_2010_2011_123,3.7
E0_2010_2011_122,1.95
E0_2010_2011_121,1.42
E0_2010_2011_120,4.75
E0_2010_2011_128,1.22
E0_2010_2011_129,3.25
E0_2010_2011_136,2.2
E0_2010_2011_135,1.21
E0_2010_2011_134,1.53
E0_2010_2011_133,2.13
E0_2010_2011_132,2.5
E0_2010_2011_131,5.17
E0_2010_2011_130,1.64
E0_2010_2011_137,2.29
E0_2010_2011_138,3.11
E0_2010_2011_139,2.54
E0_2010_2011_147,2.55
E0_2010_2011_145,3.42
E0_2010_2011_144,1.26
E0_2010_2011_146,2.01
E0_2010_2011_142,1.55
E0_2010_2011_141,1.57
E0_2010_2011_143,2.06
E0_2010_2011_140,3.35
E0_2010_2011_148,5.0
E0_2010_2011_149,2.06
E0_2010_2011_154,1.53
E0_2010_2011_153,1.37
E0_2010_2011_155,2.7
E0_2010_2011_151,3.44
E0_2010_2011_150,1.28
E0_2010_2011_152,1.76
E0_2010_2011_156,1.84
E0_2010_2011_157,2.24
E0_2010_2011_158,1.59
E0_2010_2011_159,2.1
E0_2010_2011_160,1.43
E0_2010_2011_161,2.15
E0_2010_2011_162,3.57
E0_2010_2011_163,1.62
E0_2010_2011_164,4.11
E0_2010_2011_166,2.84
E0_2010_2011_165,2.03
E0_2010_2011_167,2.4
E0_2010_2011_168,1.95
E0_2010_2011_169,1.78
E0_2010_2011_170,2.11
E0_2010_2011_171,1.71
E0_2010_2011_172,3.06
E0_2010_2011_173,2.28
E0_2010_2011_174,2.07
E0_2010_2011_175,1.92
E0_2010_2011_176,1.26
E0_2010_2011_177,3.22
E0_2010_2011_178,2.09
E0_2010_2011_179,2.57
E0_2010_2011_186,3.39
E0_2010_2011_185,1.82
E0_2010_2011_184,1.52
E0_2010_2011_182,1.87
E0_2010_2011_181,1.47
E0_2010_2011_180,6.89
E0_2010_2011_183,1.6
E0_2010_2011_187,1.29
E0_2010_2011_188,1.32
E0_2010_2011_189,6.87
E0_2010_2011_195,1.45
E0_2010_2011_197,2.0
E0_2010_2011_196,5.9
E0_2010_2011_194,1.85
E0_2010_2011_192,1.27
E0_2010_2011_191,1.67
E0_2010_2011_190,5.37
E0_2010_2011_193,2.71
E0_2010_2011_198,1.25
E0_2010_2011_199,2.45
E0_2010_2011_200,2.3
E0_2010_2011_201,2.16
E0_2010_2011_202,1.27
E0_2010_2011_203,1.94
E0_2010_2011_204,2.15
E0_2010_2011_205,3.39
E0_2010_2011_206,1.7
E0_2010_2011_207,2.66
E0_2010_2011_208,1.86
E0_2010_2011_209,7.73
E0_2010_2011_210,3.87
E0_2010_2011_216,2.55
E0_2010_2011_215,6.29
E0_2010_2011_214,1.78
E0_2010_2011_213,2.12
E0_2010_2011_212,1.32
E0_2010_2011_211,1.27
E0_2010_2011_217,2.41
E0_2010_2011_218,2.2
E0_2010_2011_219,2.11
E0_2010_2011_220,2.84
E0_2010_2011_228,3.21
E0_2010_2011_227,3.39
E0_2010_2011_226,1.2
E0_2010_2011_225,2.18
E0_2010_2011_224,1.49
E0_2010_2011_223,2.47
E0_2010_2011_222,3.52
E0_2010_2011_221,1.2
E0_2010_2011_229,2.22
E0_2010_2011_230,5.5
E0_2010_2011_231,8.57
E0_2010_2011_232,3.23
E0_2010_2011_233,1.53
E0_2010_2011_237,1.71
E0_2010_2011_236,5.33
E0_2010_2011_235,1.32
E0_2010_2011_234,1.44
E0_2010_2011_238,4.37
E0_2010_2011_239,3.12
E0_2010_2011_240,2.33
E0_2010_2011_241,1.83
E0_2010_2011_242,2.06
E0_2010_2011_243,1.6
E0_2010_2011_245,1.45
E0_2010_2011_244,1.93
E0_2010_2011_246,1.41
E0_2010_2011_247,5.21
E0_2010_2011_248,2.08
E0_2010_2011_249,1.57
E0_2010_2011_250,2.49
E0_2010_2011_251,7.83
E0_2010_2011_252,1.6
E0_2010_2011_253,2.04
E0_2010_2011_259,1.77
E0_2010_2011_260,2.71
E0_2010_2011_258,1.36
E0_2010_2011_261,1.93
E0_2010_2011_256,2.11
E0_2010_2011_255,2.47
E0_2010_2011_254,1.23
E0_2010_2011_257,3.21
E0_2010_2011_262,2.69
E0_2010_2011_263,4.89
E0_2010_2011_264,2.52
E0_2010_2011_265,1.86
E0_2010_2011_266,4.21
E0_2010_2011_267,1.29
E0_2010_2011_272,1.83
E0_2010_2011_271,6.46
E0_2010_2011_268,1.75
E0_2010_2011_269,1.72
E0_2010_2011_270,2.08
E0_2010_2011_273,1.5
E0_2010_2011_274,3.44
E0_2010_2011_275,1.92
E0_2010_2011_276,2.16
E0_2010_2011_282,2.58
E0_2010_2011_283,2.21
E0_2010_2011_281,1.37
E0_2010_2011_279,2.26
E0_2010_2011_278,2.33
E0_2010_2011_277,1.46
E0_2010_2011_280,1.71
E0_2010_2011_284,2.81
E0_2010_2011_285,2.94
E0_2010_2011_286,9.77
E0_2010_2011_287,1.54
E0_2010_2011_290,2.01
E0_2010_2011_295,2.16
E0_2010_2011_294,4.67
E0_2010_2011_293,1.57
E0_2010_2011_289,1.82
E0_2010_2011_291,1.4
E0_2010_2011_288,1.88
E0_2010_2011_292,2.2
E0_2010_2011_296,1.65
E0_2010_2011_297,2.65
E0_2010_2011_303,3.04
E0_2010_2011_305,3.08
E0_2010_2011_302,5.42
E0_2010_2011_304,4.52
E0_2010_2011_300,1.85
E0_2010_2011_299,2.5
E0_2010_2011_298,1.25
E0_2010_2011_301,1.99
E0_2010_2011_306,1.55
E0_2010_2011_307,1.52
E0_2010_2011_314,2.55
E0_2010_2011_312,2.2
E0_2010_2011_311,1.45
E0_2010_2011_313,1.74
E0_2010_2011_309,2.15
E0_2010_2011_308,2.01
E0_2010_2011_310,1.21
E0_2010_2011_315,1.84
E0_2010_2011_316,7.92
E0_2010_2011_317,2.59
E0_2010_2011_318,2.15
E0_2010_2011_319,2.34
E0_2010_2011_320,1.68
E0_2010_2011_321,5.2
E0_2010_2011_322,2.27
E0_2010_2011_323,1.72
E0_2010_2011_324,5.49
E0_2010_2011_326,2.82
E0_2010_2011_325,1.21
E0_2010_2011_327,1.82
E0_2010_2011_328,2.86
E0_2010_2011_329,1.22
E0_2010_2011_330,1.46
E0_2010_2011_331,1.45
E0_2010_2011_332,2.09
E0_2010_2011_333,1.56
E0_2010_2011_334,2.5
E0_2010_2011_335,4.74
E0_2010_2011_336,3.59
E0_2010_2011_337,1.82
E0_2010_2011_338,1.82
E0_2010_2011_339,1.99
E0_2010_2011_340,2.66
E0_2010_2011_341,1.48
E0_2010_2011_342,2.55
E0_2010_2011_343,2.31
E0_2010_2011_344,2.8
E0_2010_2011_345,2.52
E0_2010_2011_346,2.09
E0_2010_2011_347,1.47
E0_2010_2011_348,1.4
E0_2010_2011_353,1.3
E0_2010_2011_352,1.92
E0_2010_2011_354,1.98
E0_2010_2011_350,1.79
E0_2010_2011_349,1.8
E0_2010_2011_351,2.72
E0_2010_2011_356,5.02
E0_2010_2011_357,2.19
E0_2010_2011_355,2.34
E0_2010_2011_358,2.91
E0_2010_2011_359,1.93
E0_2010_2011_360,5.39
E0_2010_2011_361,2.15
E0_2010_2011_362,2.59
E0_2010_2011_363,2.63
E0_2010_2011_365,2.19
E0_2010_2011_364,1.36
E0_2010_2011_366,1.23
E0_2010_2011_367,1.74
E0_2010_2011_368,2.15
E0_2010_2011_369,1.42
E0_2010_2011_378,1.97
E0_2010_2011_379,2.13
E0_2010_2011_376,2.76
E0_2010_2011_375,2.03
E0_2010_2011_377,1.53
E0_2010_2011_373,3.63
E0_2010_2011_372,3.04
E0_2010_2011_371,4.92
E0_2010_2011_370,3.11
E0_2010_2011_374,1.56
E0_2011_2012_0,2.13
E0_2011_2012_1,2.12
E0_2011_2012_2,1.5
E0_2011_2012_3,3.68
E0_2011_2012_4,2.3
E0_2011_2012_5,2.1
E0_2011_2012_7,6.66
E0_2011_2012_6,5.54
E0_2011_2012_8,1.26
E0_2011_2012_9,2.53
E0_2011_2012_10,1.72
E0_2011_2012_11,1.29
E0_2011_2012_12,1.53
E0_2011_2012_13,2.13
E0_2011_2012_14,2.14
E0_2011_2012_15,4.69
E0_2011_2012_16,2.52
E0_2011_2012_17,2.33
E0_2011_2012_18,1.63
E0_2011_2012_24,2.28
E0_2011_2012_23,2.41
E0_2011_2012_22,1.41
E0_2011_2012_21,1.2
E0_2011_2012_20,3.14
E0_2011_2012_19,2.02
E0_2011_2012_25,1.48
E0_2011_2012_26,2.11
E0_2011_2012_27,2.85
E0_2011_2012_28,2.06
E0_2011_2012_35,2.91
E0_2011_2012_34,5.19
E0_2011_2012_33,3.33
E0_2011_2012_31,2.04
E0_2011_2012_30,7.91
E0_2011_2012_29,1.35
E0_2011_2012_32,1.17
E0_2011_2012_36,1.67
E0_2011_2012_37,2.49
E0_2011_2012_38,2.43
E0_2011_2012_43,2.64
E0_2011_2012_42,1.52
E0_2011_2012_44,1.94
E0_2011_2012_40,4.27
E0_2011_2012_39,1.93
E0_2011_2012_41,1.76
E0_2011_2012_45,6.28
E0_2011_2012_46,1.82
E0_2011_2012_47,2.38
E0_2011_2012_48,2.62
E0_2011_2012_56,3.97
E0_2011_2012_55,2.3
E0_2011_2012_54,6.53
E0_2011_2012_53,1.85
E0_2011_2012_51,1.38
E0_2011_2012_50,1.2
E0_2011_2012_49,1.44
E0_2011_2012_52,1.43
E0_2011_2012_57,2.31
E0_2011_2012_58,2.46
E0_2011_2012_64,2.43
E0_2011_2012_59,1.62
E0_2011_2012_60,5.99
E0_2011_2012_61,2.94
E0_2011_2012_62,1.16
E0_2011_2012_63,2.23
E0_2011_2012_68,2.12
E0_2011_2012_67,2.59
E0_2011_2012_65,6.52
E0_2011_2012_66,1.97
E0_2011_2012_75,2.29
E0_2011_2012_74,2.14
E0_2011_2012_73,1.85
E0_2011_2012_70,2.95
E0_2011_2012_71,1.34
E0_2011_2012_69,1.35
E0_2011_2012_72,2.19
E0_2011_2012_76,1.44
E0_2011_2012_77,2.9
E0_2011_2012_78,2.01
E0_2011_2012_83,1.99
E0_2011_2012_81,1.29
E0_2011_2012_82,1.58
E0_2011_2012_79,2.0
E0_2011_2012_80,2.21
E0_2011_2012_84,1.55
E0_2011_2012_85,4.02
E0_2011_2012_86,2.34
E0_2011_2012_87,2.05
E0_2011_2012_88,8.84
E0_2011_2012_94,2.09
E0_2011_2012_96,2.91
E0_2011_2012_95,3.77
E0_2011_2012_93,2.15
E0_2011_2012_92,1.96
E0_2011_2012_91,1.16
E0_2011_2012_90,4.57
E0_2011_2012_89,1.61
E0_2011_2012_97,1.37
E0_2011_2012_98,2.13
E0_2011_2012_105,9.29
E0_2011_2012_104,2.24
E0_2011_2012_103,1.24
E0_2011_2012_102,1.3
E0_2011_2012_101,7.09
E0_2011_2012_100,1.82
E0_2011_2012_99,1.41
E0_2011_2012_106,2.36
E0_2011_2012_107,3.15
E0_2011_2012_108,1.9
E0_2011_2012_116,2.47
E0_2011_2012_114,7.03
E0_2011_2012_113,2.33
E0_2011_2012_115,2.0
E0_2011_2012_111,5.06
E0_2011_2012_110,1.29
E0_2011_2012_109,1.59
E0_2011_2012_112,1.8
E0_2011_2012_117,1.81
E0_2011_2012_118,1.53
E0_2011_2012_126,3.99
E0_2011_2012_125,1.68
E0_2011_2012_124,1.8
E0_2011_2012_123,2.18
E0_2011_2012_122,1.37
E0_2011_2012_121,1.23
E0_2011_2012_120,3.01
E0_2011_2012_119,1.45
E0_2011_2012_127,2.78
E0_2011_2012_128,2.22
E0_2011_2012_134,1.3
E0_2011_2012_133,2.24
E0_2011_2012_132,3.56
E0_2011_2012_135,6.05
E0_2011_2012_130,2.15
E0_2011_2012_129,5.16
E0_2011_2012_131,1.18
E0_2011_2012_136,1.71
E0_2011_2012_137,2.39
E0_2011_2012_138,3.37
E0_2011_2012_144,2.59
E0_2011_2012_143,2.42
E0_2011_2012_142,1.22
E0_2011_2012_145,1.66
E0_2011_2012_140,2.47
E0_2011_2012_139,1.55
E0_2011_2012_141,1.31
E0_2011_2012_146,3.6
E0_2011_2012_147,1.88
E0_2011_2012_148,2.41
E0_2011_2012_149,2.35
E0_2011_2012_150,1.62
E0_2011_2012_151,1.63
E0_2011_2012_152,1.8
E0_2011_2012_153,8.73
E0_2011_2012_154,2.49
E0_2011_2012_157,7.26
E0_2011_2012_155,4.06
E0_2011_2012_156,1.69
E0_2011_2012_158,1.37
E0_2011_2012_160,2.07
E0_2011_2012_159,2.12
E0_2011_2012_167,6.96
E0_2011_2012_166,2.43
E0_2011_2012_165,1.94
E0_2011_2012_162,1.59
E0_2011_2012_163,5.08
E0_2011_2012_161,4.8
E0_2011_2012_164,1.23
E0_2011_2012_168,2.55
E0_2011_2012_175,7.41
E0_2011_2012_174,2.41
E0_2011_2012_172,1.16
E0_2011_2012_173,1.91
E0_2011_2012_170,1.3
E0_2011_2012_169,2.49
E0_2011_2012_171,1.25
E0_2011_2012_176,1.22
E0_2011_2012_177,4.48
E0_2011_2012_178,2.04
E0_2011_2012_179,1.54
E0_2011_2012_184,2.55
E0_2011_2012_186,5.14
E0_2011_2012_183,1.13
E0_2011_2012_185,1.68
E0_2011_2012_181,2.2
E0_2011_2012_180,1.26
E0_2011_2012_182,1.27
E0_2011_2012_187,6.38
E0_2011_2012_188,2.58
E0_2011_2012_189,1.82
E0_2011_2012_190,2.49
E0_2011_2012_191,3.94
E0_2011_2012_192,2.1
E0_2011_2012_193,6.31
E0_2011_2012_196,2.63
E0_2011_2012_195,1.35
E0_2011_2012_194,1.89
E0_2011_2012_197,1.51
E0_2011_2012_198,5.05
E0_2011_2012_199,1.55
E0_2011_2012_205,1.27
E0_2011_2012_200,2.4
E0_2011_2012_201,2.87
E0_2011_2012_202,1.39
E0_2011_2012_203,1.42
E0_2011_2012_204,1.16
E0_2011_2012_206,2.07
E0_2011_2012_208,4.72
E0_2011_2012_207,1.75
E0_2011_2012_209,8.59
E0_2011_2012_217,2.51
E0_2011_2012_215,1.93
E0_2011_2012_214,2.04
E0_2011_2012_216,1.87
E0_2011_2012_212,2.0
E0_2011_2012_211,1.55
E0_2011_2012_210,5.87
E0_2011_2012_213,5.66
E0_2011_2012_218,2.81
E0_2011_2012_219,1.88
E0_2011_2012_223,1.22
E0_2011_2012_220,4.49
E0_2011_2012_221,1.31
E0_2011_2012_222,4.14
E0_2011_2012_224,5.16
E0_2011_2012_229,1.85
E0_2011_2012_227,5.13
E0_2011_2012_228,1.83
E0_2011_2012_225,1.79
E0_2011_2012_226,2.59
E0_2011_2012_230,1.28
E0_2011_2012_231,1.29
E0_2011_2012_232,2.02
E0_2011_2012_233,1.9
E0_2011_2012_234,2.19
E0_2011_2012_235,2.1
E0_2011_2012_236,3.45
E0_2011_2012_238,2.09
E0_2011_2012_237,2.51
E0_2011_2012_239,2.09
E0_2011_2012_240,2.34
E0_2011_2012_241,2.0
E0_2011_2012_242,3.26
E0_2011_2012_243,1.97
E0_2011_2012_244,1.85
E0_2011_2012_245,3.52
E0_2011_2012_246,1.85
E0_2011_2012_247,1.46
E0_2011_2012_248,5.27
E0_2011_2012_249,2.43
E0_2011_2012_255,2.74
E0_2011_2012_253,2.59
E0_2011_2012_254,2.4
E0_2011_2012_251,1.17
E0_2011_2012_250,1.28
E0_2011_2012_252,1.59
E0_2011_2012_256,2.46
E0_2011_2012_257,6.14
E0_2011_2012_258,2.11
E0_2011_2012_265,2.44
E0_2011_2012_263,1.86
E0_2011_2012_262,3.05
E0_2011_2012_264,4.02
E0_2011_2012_260,2.0
E0_2011_2012_259,2.37
E0_2011_2012_261,1.13
E0_2011_2012_266,1.58
E0_2011_2012_267,2.09
E0_2011_2012_268,2.86
E0_2011_2012_274,2.32
E0_2011_2012_269,2.46
E0_2011_2012_270,2.41
E0_2011_2012_271,1.39
E0_2011_2012_272,2.84
E0_2011_2012_273,3.87
E0_2011_2012_277,6.28
E0_2011_2012_275,1.28
E0_2011_2012_276,1.84
E0_2011_2012_278,1.47
E0_2011_2012_279,1.74
E0_2011_2012_280,1.84
E0_2011_2012_281,2.75
E0_2011_2012_282,1.78
E0_2011_2012_283,8.83
E0_2011_2012_284,2.36
E0_2011_2012_287,4.59
E0_2011_2012_285,3.03
E0_2011_2012_286,1.89
E0_2011_2012_288,1.41
E0_2011_2012_295,2.01
E0_2011_2012_294,5.91
E0_2011_2012_293,1.75
E0_2011_2012_296,2.18
E0_2011_2012_291,1.88
E0_2011_2012_290,2.4
E0_2011_2012_289,1.35
E0_2011_2012_292,1.29
E0_2011_2012_297,2.29
E0_2011_2012_298,1.24
E0_2011_2012_299,4.49
E0_2011_2012_300,1.82
E0_2011_2012_301,1.7
E0_2011_2012_302,1.22
E0_2011_2012_303,5.62
E0_2011_2012_304,2.6
E0_2011_2012_305,2.31
E0_2011_2012_306,2.95
E0_2011_2012_307,1.4
E0_2011_2012_308,8.56
E0_2011_2012_309,2.37
E0_2011_2012_310,2.57
E0_2011_2012_311,1.27
E0_2011_2012_312,1.44
E0_2011_2012_313,2.9
E0_2011_2012_314,1.61
E0_2011_2012_315,3.26
E0_2011_2012_316,1.95
E0_2011_2012_317,2.47
E0_2011_2012_318,1.17
E0_2011_2012_323,1.31
E0_2011_2012_322,1.57
E0_2011_2012_321,3.46
E0_2011_2012_320,1.94
E0_2011_2012_319,2.21
E0_2011_2012_324,3.49
E0_2011_2012_325,1.24
E0_2011_2012_326,2.13
E0_2011_2012_327,8.85
E0_2011_2012_328,6.73
E0_2011_2012_329,6.18
E0_2011_2012_330,1.5
E0_2011_2012_331,1.99
E0_2011_2012_332,2.12
E0_2011_2012_333,1.22
E0_2011_2012_334,1.26
E0_2011_2012_335,1.99
E0_2011_2012_336,2.32
E0_2011_2012_337,2.07
E0_2011_2012_338,2.18
E0_2011_2012_339,1.87
E0_2011_2012_340,1.68
E0_2011_2012_341,3.97
E0_2011_2012_342,1.43
E0_2011_2012_343,1.31
E0_2011_2012_344,11.78
E0_2011_2012_345,1.95
E0_2011_2012_351,2.11
E0_2011_2012_352,2.78
E0_2011_2012_350,1.54
E0_2011_2012_346,1.83
E0_2011_2012_348,4.23
E0_2011_2012_349,1.95
E0_2011_2012_347,3.7
E0_2011_2012_353,1.39
E0_2011_2012_354,1.38
E0_2011_2012_355,2.14
E0_2011_2012_356,1.6
E0_2011_2012_357,2.95
E0_2011_2012_358,3.92
E0_2011_2012_359,1.5
E0_2011_2012_360,1.21
E0_2011_2012_367,4.8
E0_2011_2012_366,1.85
E0_2011_2012_365,4.82
E0_2011_2012_363,1.86
E0_2011_2012_362,2.0
E0_2011_2012_361,4.08
E0_2011_2012_364,1.17
E0_2011_2012_368,2.44
E0_2011_2012_369,2.15
E0_2011_2012_376,3.38
E0_2011_2012_379,1.57
E0_2011_2012_378,5.02
E0_2011_2012_377,1.4
E0_2011_2012_375,7.23
E0_2011_2012_372,1.13
E0_2011_2012_373,2.18
E0_2011_2012_371,2.19
E0_2011_2012_370,1.3
E0_2011_2012_374,2.41
E0_2012_2013_6,2.23
E0_2012_2013_5,4.01
E0_2012_2013_3,2.01
E0_2012_2013_4,2.36
E0_2012_2013_1,1.8
E0_2012_2013_0,1.4
E0_2012_2013_2,2.55
E0_2012_2013_7,1.18
E0_2012_2013_8,6.09
E0_2012_2013_9,4.18
E0_2012_2013_10,1.25
E0_2012_2013_15,2.12
E0_2012_2013_17,1.5
E0_2012_2013_14,2.29
E0_2012_2013_16,2.09
E0_2012_2013_12,1.5
E0_2012_2013_13,1.3
E0_2012_2013_11,2.93
E0_2012_2013_18,2.98
E0_2012_2013_19,3.44
E0_2012_2013_20,1.2
E0_2012_2013_21,2.17
E0_2012_2013_22,1.37
E0_2012_2013_23,2.89
E0_2012_2013_24,2.49
E0_2012_2013_25,2.24
E0_2012_2013_28,6.07
E0_2012_2013_26,2.06
E0_2012_2013_27,1.62
E0_2012_2013_36,3.3
E0_2012_2013_29,1.35
E0_2012_2013_30,2.34
E0_2012_2013_31,2.05
E0_2012_2013_32,1.25
E0_2012_2013_33,2.36
E0_2012_2013_34,4.48
E0_2012_2013_35,5.11
E0_2012_2013_37,3.68
E0_2012_2013_38,1.78
E0_2012_2013_39,1.36
E0_2012_2013_40,2.42
E0_2012_2013_41,2.98
E0_2012_2013_42,1.8
E0_2012_2013_43,2.17
E0_2012_2013_44,2.39
E0_2012_2013_45,2.69
E0_2012_2013_46,1.75
E0_2012_2013_47,1.76
E0_2012_2013_48,1.48
E0_2012_2013_56,2.0
E0_2012_2013_55,1.9
E0_2012_2013_54,2.89
E0_2012_2013_53,4.61
E0_2012_2013_50,1.41
E0_2012_2013_51,4.34
E0_2012_2013_49,2.17
E0_2012_2013_52,1.57
E0_2012_2013_57,2.42
E0_2012_2013_58,2.08
E0_2012_2013_63,3.77
E0_2012_2013_64,3.91
E0_2012_2013_61,1.95
E0_2012_2013_60,1.27
E0_2012_2013_62,1.85
E0_2012_2013_59,1.22
E0_2012_2013_65,1.48
E0_2012_2013_66,3.97
E0_2012_2013_67,2.66
E0_2012_2013_68,1.45
E0_2012_2013_76,1.85
E0_2012_2013_75,4.99
E0_2012_2013_74,2.54
E0_2012_2013_73,2.05
E0_2012_2013_71,1.29
E0_2012_2013_70,1.35
E0_2012_2013_69,1.81
E0_2012_2013_72,5.96
E0_2012_2013_77,3.27
E0_2012_2013_78,2.5
E0_2012_2013_83,1.96
E0_2012_2013_82,2.79
E0_2012_2013_84,2.25
E0_2012_2013_80,1.96
E0_2012_2013_79,1.37
E0_2012_2013_81,1.23
E0_2012_2013_85,2.4
E0_2012_2013_86,2.61
E0_2012_2013_87,1.98
E0_2012_2013_88,4.23
E0_2012_2013_95,4.98
E0_2012_2013_93,4.45
E0_2012_2013_92,2.08
E0_2012_2013_94,1.47
E0_2012_2013_90,1.69
E0_2012_2013_89,2.68
E0_2012_2013_91,2.61
E0_2012_2013_96,1.55
E0_2012_2013_97,1.82
E0_2012_2013_98,1.72
E0_2012_2013_99,1.53
E0_2012_2013_100,6.54
E0_2012_2013_101,1.46
E0_2012_2013_102,2.23
E0_2012_2013_103,2.39
E0_2012_2013_104,1.9
E0_2012_2013_105,2.31
E0_2012_2013_108,1.99
E0_2012_2013_107,1.58
E0_2012_2013_106,1.94
E0_2012_2013_115,4.27
E0_2012_2013_114,1.93
E0_2012_2013_113,6.96
E0_2012_2013_116,3.78
E0_2012_2013_111,1.21
E0_2012_2013_110,1.46
E0_2012_2013_109,1.94
E0_2012_2013_112,1.93
E0_2012_2013_117,1.71
E0_2012_2013_118,2.03
E0_2012_2013_124,1.89
E0_2012_2013_119,4.86
E0_2012_2013_120,1.48
E0_2012_2013_121,1.18
E0_2012_2013_122,2.14
E0_2012_2013_123,2.43
E0_2012_2013_128,1.65
E0_2012_2013_127,3.43
E0_2012_2013_125,2.54
E0_2012_2013_126,2.3
E0_2012_2013_129,1.96
E0_2012_2013_130,2.22
E0_2012_2013_136,2.31
E0_2012_2013_131,1.45
E0_2012_2013_132,2.45
E0_2012_2013_133,1.24
E0_2012_2013_134,2.07
E0_2012_2013_135,1.96
E0_2012_2013_137,2.38
E0_2012_2013_138,6.12
E0_2012_2013_144,7.46
E0_2012_2013_143,1.98
E0_2012_2013_142,1.53
E0_2012_2013_145,2.06
E0_2012_2013_140,2.88
E0_2012_2013_139,1.46
E0_2012_2013_141,1.4
E0_2012_2013_146,3.92
E0_2012_2013_147,2.09
E0_2012_2013_148,1.99
E0_2012_2013_152,4.59
E0_2012_2013_153,1.82
E0_2012_2013_154,2.35
E0_2012_2013_151,1.91
E0_2012_2013_149,1.51
E0_2012_2013_150,2.45
E0_2012_2013_155,1.99
E0_2012_2013_156,2.22
E0_2012_2013_157,2.96
E0_2012_2013_158,1.92
E0_2012_2013_159,1.99
E0_2012_2013_160,1.37
E0_2012_2013_161,1.2
E0_2012_2013_162,5.18
E0_2012_2013_163,2.18
E0_2012_2013_164,2.38
E0_2012_2013_165,3.0
E0_2012_2013_167,2.0
E0_2012_2013_166,1.62
E0_2012_2013_168,5.07
E0_2012_2013_169,1.53
E0_2012_2013_170,1.14
E0_2012_2013_171,2.07
E0_2012_2013_172,2.04
E0_2012_2013_173,1.61
E0_2012_2013_174,1.95
E0_2012_2013_175,2.89
E0_2012_2013_176,4.63
E0_2012_2013_178,5.2
E0_2012_2013_177,1.33
E0_2012_2013_179,3.72
E0_2012_2013_180,1.47
E0_2012_2013_181,1.9
E0_2012_2013_182,1.24
E0_2012_2013_183,5.73
E0_2012_2013_184,2.25
E0_2012_2013_185,2.88
E0_2012_2013_186,3.34
E0_2012_2013_187,6.64
E0_2012_2013_195,3.62
E0_2012_2013_194,1.83
E0_2012_2013_193,2.77
E0_2012_2013_192,6.09
E0_2012_2013_189,2.37
E0_2012_2013_190,2.09
E0_2012_2013_188,1.42
E0_2012_2013_191,1.29
E0_2012_2013_196,2.86
E0_2012_2013_197,4.0
E0_2012_2013_203,2.09
E0_2012_2013_204,5.96
E0_2012_2013_202,2.0
E0_2012_2013_199,4.85
E0_2012_2013_200,1.59
E0_2012_2013_201,1.34
E0_2012_2013_198,1.29
E0_2012_2013_205,1.21
E0_2012_2013_206,1.38
E0_2012_2013_207,3.01
E0_2012_2013_208,2.45
E0_2012_2013_209,1.56
E0_2012_2013_210,1.97
E0_2012_2013_211,2.18
E0_2012_2013_212,4.27
E0_2012_2013_213,2.86
E0_2012_2013_214,4.04
E0_2012_2013_215,2.31
E0_2012_2013_216,2.59
E0_2012_2013_217,1.87
E0_2012_2013_218,1.23
E0_2012_2013_225,2.11
E0_2012_2013_223,1.73
E0_2012_2013_224,2.05
E0_2012_2013_222,2.17
E0_2012_2013_220,1.24
E0_2012_2013_219,1.31
E0_2012_2013_221,1.74
E0_2012_2013_226,1.9
E0_2012_2013_227,2.86
E0_2012_2013_228,3.7
E0_2012_2013_229,1.44
E0_2012_2013_233,2.45
E0_2012_2013_232,2.12
E0_2012_2013_230,2.75
E0_2012_2013_231,7.3
E0_2012_2013_234,2.33
E0_2012_2013_235,1.58
E0_2012_2013_236,2.16
E0_2012_2013_237,1.22
E0_2012_2013_238,4.38
E0_2012_2013_239,6.73
E0_2012_2013_244,1.97
E0_2012_2013_246,2.34
E0_2012_2013_245,2.42
E0_2012_2013_247,2.16
E0_2012_2013_243,3.79
E0_2012_2013_241,1.38
E0_2012_2013_242,5.52
E0_2012_2013_240,1.4
E0_2012_2013_248,1.82
E0_2012_2013_249,3.47
E0_2012_2013_250,1.32
E0_2012_2013_251,2.26
E0_2012_2013_252,5.43
E0_2012_2013_253,1.88
E0_2012_2013_254,4.22
E0_2012_2013_255,1.82
E0_2012_2013_256,1.65
E0_2012_2013_258,1.72
E0_2012_2013_257,2.56
E0_2012_2013_259,1.37
E0_2012_2013_260,1.55
E0_2012_2013_261,1.31
E0_2012_2013_262,2.13
E0_2012_2013_263,3.62
E0_2012_2013_264,6.47
E0_2012_2013_265,2.52
E0_2012_2013_266,2.0
E0_2012_2013_268,2.11
E0_2012_2013_267,1.92
E0_2012_2013_269,3.39
E0_2012_2013_270,1.41
E0_2012_2013_271,1.38
E0_2012_2013_272,1.33
E0_2012_2013_273,1.84
E0_2012_2013_274,2.09
E0_2012_2013_275,2.31
E0_2012_2013_276,2.08
E0_2012_2013_277,4.3
E0_2012_2013_278,2.29
E0_2012_2013_279,6.96
E0_2012_2013_280,2.4
E0_2012_2013_281,2.22
E0_2012_2013_282,2.37
E0_2012_2013_283,2.35
E0_2012_2013_284,1.88
E0_2012_2013_285,1.82
E0_2012_2013_290,2.42
E0_2012_2013_291,3.24
E0_2012_2013_289,3.94
E0_2012_2013_287,3.66
E0_2012_2013_288,1.15
E0_2012_2013_286,2.23
E0_2012_2013_292,1.37
E0_2012_2013_293,2.04
E0_2012_2013_294,1.48
E0_2012_2013_295,2.24
E0_2012_2013_301,3.19
E0_2012_2013_303,1.91
E0_2012_2013_302,2.23
E0_2012_2013_300,5.76
E0_2012_2013_298,1.29
E0_2012_2013_297,1.54
E0_2012_2013_296,1.23
E0_2012_2013_299,3.41
E0_2012_2013_304,4.72
E0_2012_2013_305,1.98
E0_2012_2013_306,2.56
E0_2012_2013_307,3.19
E0_2012_2013_308,2.06
E0_2012_2013_309,3.93
E0_2012_2013_313,2.34
E0_2012_2013_314,2.18
E0_2012_2013_311,1.34
E0_2012_2013_310,1.33
E0_2012_2013_312,2.01
E0_2012_2013_315,2.2
E0_2012_2013_316,1.24
E0_2012_2013_317,2.25
E0_2012_2013_318,1.43
E0_2012_2013_319,7.01
E0_2012_2013_320,1.87
E0_2012_2013_321,1.91
E0_2012_2013_322,6.35
E0_2012_2013_323,1.72
E0_2012_2013_324,4.49
E0_2012_2013_325,1.25
E0_2012_2013_326,5.38
E0_2012_2013_327,4.74
E0_2012_2013_328,1.72
E0_2012_2013_329,2.21
E0_2012_2013_330,3.3
E0_2012_2013_331,2.32
E0_2012_2013_332,2.22
E0_2012_2013_333,2.24
E0_2012_2013_334,2.11
E0_2012_2013_335,3.14
E0_2012_2013_336,1.25
E0_2012_2013_337,1.48
E0_2012_2013_338,1.26
E0_2012_2013_339,2.93
E0_2012_2013_340,1.85
E0_2012_2013_341,2.19
E0_2012_2013_342,3.63
E0_2012_2013_344,1.34
E0_2012_2013_345,2.52
E0_2012_2013_343,2.18
E0_2012_2013_346,2.23
E0_2012_2013_352,2.37
E0_2012_2013_347,1.7
E0_2012_2013_348,2.47
E0_2012_2013_349,7.77
E0_2012_2013_350,4.94
E0_2012_2013_351,1.45
E0_2012_2013_353,2.32
E0_2012_2013_355,2.16
E0_2012_2013_354,1.92
E0_2012_2013_356,2.06
E0_2012_2013_357,1.37
E0_2012_2013_358,1.79
E0_2012_2013_359,1.94
E0_2012_2013_360,4.33
E0_2012_2013_364,2.13
E0_2012_2013_361,1.48
E0_2012_2013_362,3.73
E0_2012_2013_363,1.28
E0_2012_2013_365,3.16
E0_2012_2013_366,4.22
E0_2012_2013_367,2.68
E0_2012_2013_368,1.36
E0_2012_2013_369,5.78
E0_2012_2013_377,4.29
E0_2012_2013_376,1.27
E0_2012_2013_378,1.64
E0_2012_2013_375,1.77
E0_2012_2013_379,2.08
E0_2012_2013_373,5.9
E0_2012_2013_370,1.66
E0_2012_2013_374,1.76
E0_2012_2013_372,1.3
E0_2012_2013_371,1.23
E0_2013_2014_5,2.31
E0_2013_2014_4,3.84
E0_2013_2014_3,2.22
E0_2013_2014_6,1.94
E0_2013_2014_1,1.38
E0_2013_2014_0,1.4
E0_2013_2014_2,3.12
E0_2013_2014_7,1.19
E0_2013_2014_8,4.66
E0_2013_2014_9,1.3
E0_2013_2014_10,1.29
E0_2013_2014_17,1.83
E0_2013_2014_11,3.93
E0_2013_2014_12,1.55
E0_2013_2014_13,3.51
E0_2013_2014_14,2.39
E0_2013_2014_15,2.22
E0_2013_2014_16,1.69
E0_2013_2014_19,1.6
E0_2013_2014_18,7.32
E0_2013_2014_20,2.38
E0_2013_2014_21,3.13
E0_2013_2014_22,2.49
E0_2013_2014_23,1.16
E0_2013_2014_24,2.11
E0_2013_2014_25,2.84
E0_2013_2014_26,1.98
E0_2013_2014_27,2.08
E0_2013_2014_28,2.52
E0_2013_2014_29,2.55
E0_2013_2014_37,1.44
E0_2013_2014_36,5.43
E0_2013_2014_35,5.69
E0_2013_2014_34,1.21
E0_2013_2014_30,2.11
E0_2013_2014_32,2.11
E0_2013_2014_31,3.22
E0_2013_2014_33,2.38
E0_2013_2014_38,1.82
E0_2013_2014_39,3.37
E0_2013_2014_44,2.03
E0_2013_2014_43,2.37
E0_2013_2014_45,3.12
E0_2013_2014_41,1.58
E0_2013_2014_42,1.8
E0_2013_2014_40,1.29
E0_2013_2014_46,1.35
E0_2013_2014_47,4.32
E0_2013_2014_48,3.2
E0_2013_2014_49,2.16
E0_2013_2014_53,1.29
E0_2013_2014_50,6.6
E0_2013_2014_51,2.07
E0_2013_2014_52,2.34
E0_2013_2014_54,1.45
E0_2013_2014_55,3.11
E0_2013_2014_56,2.61
E0_2013_2014_57,1.96
E0_2013_2014_58,5.3
E0_2013_2014_59,1.61
E0_2013_2014_65,5.58
E0_2013_2014_63,1.21
E0_2013_2014_64,1.64
E0_2013_2014_61,2.36
E0_2013_2014_60,2.36
E0_2013_2014_62,2.36
E0_2013_2014_66,6.02
E0_2013_2014_67,2.04
E0_2013_2014_68,1.42
E0_2013_2014_69,4.54
E0_2013_2014_77,5.32
E0_2013_2014_76,1.57
E0_2013_2014_75,2.26
E0_2013_2014_74,4.31
E0_2013_2014_72,1.44
E0_2013_2014_71,1.24
E0_2013_2014_70,1.29
E0_2013_2014_73,1.55
E0_2013_2014_78,3.86
E0_2013_2014_79,2.65
E0_2013_2014_85,1.59
E0_2013_2014_80,3.3
E0_2013_2014_81,8.85
E0_2013_2014_82,1.41
E0_2013_2014_83,1.32
E0_2013_2014_84,2.16
E0_2013_2014_89,1.41
E0_2013_2014_88,1.71
E0_2013_2014_86,2.36
E0_2013_2014_87,2.78
E0_2013_2014_90,2.26
E0_2013_2014_91,6.03
E0_2013_2014_92,2.12
E0_2013_2014_93,1.19
E0_2013_2014_94,5.62
E0_2013_2014_95,3.11
E0_2013_2014_96,1.54
E0_2013_2014_97,2.16
E0_2013_2014_98,3.24
E0_2013_2014_99,2.44
E0_2013_2014_105,1.56
E0_2013_2014_104,2.51
E0_2013_2014_103,1.24
E0_2013_2014_100,1.98
E0_2013_2014_101,1.29
E0_2013_2014_102,5.97
E0_2013_2014_106,2.26
E0_2013_2014_107,8.0
E0_2013_2014_108,1.94
E0_2013_2014_109,1.53
E0_2013_2014_116,5.79
E0_2013_2014_115,2.08
E0_2013_2014_114,1.77
E0_2013_2014_111,2.85
E0_2013_2014_112,3.2
E0_2013_2014_110,1.6
E0_2013_2014_113,1.83
E0_2013_2014_117,5.54
E0_2013_2014_118,1.67
E0_2013_2014_119,2.08
E0_2013_2014_125,1.88
E0_2013_2014_123,2.02
E0_2013_2014_124,1.93
E0_2013_2014_121,5.67
E0_2013_2014_120,1.97
E0_2013_2014_122,1.59
E0_2013_2014_126,1.54
E0_2013_2014_127,6.06
E0_2013_2014_128,1.28
E0_2013_2014_129,2.7
E0_2013_2014_130,3.07
E0_2013_2014_136,2.06
E0_2013_2014_138,2.13
E0_2013_2014_137,6.24
E0_2013_2014_135,1.67
E0_2013_2014_139,5.61
E0_2013_2014_133,1.26
E0_2013_2014_132,5.53
E0_2013_2014_131,1.2
E0_2013_2014_134,1.71
E0_2013_2014_145,4.24
E0_2013_2014_144,6.12
E0_2013_2014_143,4.92
E0_2013_2014_146,1.79
E0_2013_2014_141,1.29
E0_2013_2014_140,2.69
E0_2013_2014_142,1.51
E0_2013_2014_147,1.69
E0_2013_2014_148,2.66
E0_2013_2014_149,1.74
E0_2013_2014_156,1.97
E0_2013_2014_150,2.55
E0_2013_2014_151,1.18
E0_2013_2014_152,1.37
E0_2013_2014_153,2.27
E0_2013_2014_154,1.79
E0_2013_2014_155,2.36
E0_2013_2014_158,2.76
E0_2013_2014_159,2.45
E0_2013_2014_157,5.01
E0_2013_2014_160,3.13
E0_2013_2014_161,8.44
E0_2013_2014_162,1.2
E0_2013_2014_163,1.36
E0_2013_2014_164,2.24
E0_2013_2014_165,2.04
E0_2013_2014_166,1.9
E0_2013_2014_167,2.51
E0_2013_2014_168,2.97
E0_2013_2014_169,2.33
E0_2013_2014_177,2.04
E0_2013_2014_176,1.75
E0_2013_2014_175,1.75
E0_2013_2014_174,6.31
E0_2013_2014_170,1.89
E0_2013_2014_172,1.33
E0_2013_2014_171,3.19
E0_2013_2014_178,1.52
E0_2013_2014_173,1.36
E0_2013_2014_179,5.79
E0_2013_2014_184,6.12
E0_2013_2014_185,2.35
E0_2013_2014_183,1.12
E0_2013_2014_181,2.27
E0_2013_2014_180,2.8
E0_2013_2014_182,2.04
E0_2013_2014_186,2.14
E0_2013_2014_187,1.81
E0_2013_2014_188,3.89
E0_2013_2014_189,1.46
E0_2013_2014_193,1.28
E0_2013_2014_190,1.26
E0_2013_2014_191,2.35
E0_2013_2014_192,2.39
E0_2013_2014_194,1.78
E0_2013_2014_195,3.8
E0_2013_2014_196,3.82
E0_2013_2014_197,2.12
E0_2013_2014_198,5.36
E0_2013_2014_199,2.48
E0_2013_2014_205,1.81
E0_2013_2014_206,1.37
E0_2013_2014_204,1.54
E0_2013_2014_202,2.16
E0_2013_2014_201,1.38
E0_2013_2014_200,1.96
E0_2013_2014_203,6.15
E0_2013_2014_207,5.18
E0_2013_2014_208,5.66
E0_2013_2014_209,5.96
E0_2013_2014_212,1.21
E0_2013_2014_210,1.22
E0_2013_2014_211,2.26
E0_2013_2014_213,1.12
E0_2013_2014_214,2.36
E0_2013_2014_215,3.01
E0_2013_2014_216,2.94
E0_2013_2014_217,1.74
E0_2013_2014_218,3.06
E0_2013_2014_219,3.24
E0_2013_2014_224,4.16
E0_2013_2014_223,2.63
E0_2013_2014_225,1.73
E0_2013_2014_221,1.81
E0_2013_2014_220,2.47
E0_2013_2014_222,1.24
E0_2013_2014_228,2.1
E0_2013_2014_229,3.65
E0_2013_2014_226,2.53
E0_2013_2014_227,1.19
E0_2013_2014_230,2.24
E0_2013_2014_231,1.48
E0_2013_2014_232,3.35
E0_2013_2014_233,3.8
E0_2013_2014_234,1.91
E0_2013_2014_235,6.49
E0_2013_2014_236,2.86
E0_2013_2014_237,1.21
E0_2013_2014_238,5.49
E0_2013_2014_239,1.84
E0_2013_2014_240,2.08
E0_2013_2014_241,1.24
E0_2013_2014_242,2.54
E0_2013_2014_243,2.15
E0_2013_2014_244,8.85
E0_2013_2014_245,1.52
E0_2013_2014_246,2.1
E0_2013_2014_247,1.84
E0_2013_2014_248,1.19
E0_2013_2014_249,2.11
E0_2013_2014_253,2.01
E0_2013_2014_252,7.17
E0_2013_2014_250,2.46
E0_2013_2014_251,2.91
E0_2013_2014_254,2.11
E0_2013_2014_255,7.5
E0_2013_2014_256,3.11
E0_2013_2014_257,2.61
E0_2013_2014_263,1.77
E0_2013_2014_264,3.02
E0_2013_2014_262,1.17
E0_2013_2014_261,6.18
E0_2013_2014_260,1.57
E0_2013_2014_259,2.64
E0_2013_2014_258,1.31
E0_2013_2014_265,1.29
E0_2013_2014_266,2.07
E0_2013_2014_267,3.72
E0_2013_2014_271,3.55
E0_2013_2014_270,2.37
E0_2013_2014_272,5.48
E0_2013_2014_268,1.51
E0_2013_2014_269,7.43
E0_2013_2014_274,1.82
E0_2013_2014_275,1.33
E0_2013_2014_273,2.08
E0_2013_2014_276,2.3
E0_2013_2014_277,1.57
E0_2013_2014_278,3.58
E0_2013_2014_279,2.22
E0_2013_2014_280,4.59
E0_2013_2014_284,6.14
E0_2013_2014_281,6.83
E0_2013_2014_282,1.34
E0_2013_2014_283,2.86
E0_2013_2014_285,1.58
E0_2013_2014_286,2.23
E0_2013_2014_287,2.09
E0_2013_2014_288,1.92
E0_2013_2014_289,2.46
E0_2013_2014_290,2.97
E0_2013_2014_298,4.33
E0_2013_2014_297,2.16
E0_2013_2014_295,1.15
E0_2013_2014_296,1.85
E0_2013_2014_293,1.64
E0_2013_2014_292,1.87
E0_2013_2014_291,8.5
E0_2013_2014_294,2.2
E0_2013_2014_299,2.14
E0_2013_2014_300,2.17
E0_2013_2014_301,1.56
E0_2013_2014_302,3.43
E0_2013_2014_303,3.36
E0_2013_2014_304,1.16
E0_2013_2014_305,2.33
E0_2013_2014_312,1.8
E0_2013_2014_311,1.72
E0_2013_2014_310,2.14
E0_2013_2014_306,3.49
E0_2013_2014_308,1.44
E0_2013_2014_307,8.8
E0_2013_2014_309,1.71
E0_2013_2014_313,4.76
E0_2013_2014_314,1.45
E0_2013_2014_315,2.24
E0_2013_2014_320,1.33
E0_2013_2014_319,2.65
E0_2013_2014_321,3.98
E0_2013_2014_317,2.37
E0_2013_2014_316,1.99
E0_2013_2014_318,1.26
E0_2013_2014_322,2.39
E0_2013_2014_324,8.27
E0_2013_2014_323,2.45
E0_2013_2014_325,1.56
E0_2013_2014_326,2.1
E0_2013_2014_327,2.12
E0_2013_2014_328,1.47
E0_2013_2014_329,2.11
E0_2013_2014_330,4.73
E0_2013_2014_331,3.07
E0_2013_2014_332,2.39
E0_2013_2014_333,4.82
E0_2013_2014_334,1.41
E0_2013_2014_335,1.4
E0_2013_2014_336,1.15
E0_2013_2014_337,3.37
E0_2013_2014_338,2.43
E0_2013_2014_339,1.19
E0_2013_2014_340,2.65
E0_2013_2014_341,1.51
E0_2013_2014_342,2.19
E0_2013_2014_343,2.37
E0_2013_2014_344,4.6
E0_2013_2014_345,8.22
E0_2013_2014_346,1.19
E0_2013_2014_347,2.28
E0_2013_2014_348,1.36
E0_2013_2014_349,2.76
E0_2013_2014_350,3.1
E0_2013_2014_351,1.66
E0_2013_2014_352,1.88
E0_2013_2014_353,7.49
E0_2013_2014_354,1.67
E0_2013_2014_355,1.89
E0_2013_2014_356,1.27
E0_2013_2014_363,4.1
E0_2013_2014_362,2.42
E0_2013_2014_361,2.28
E0_2013_2014_357,2.43
E0_2013_2014_359,1.35
E0_2013_2014_358,4.7
E0_2013_2014_360,2.02
E0_2013_2014_364,1.27
E0_2013_2014_365,1.2
E0_2013_2014_366,8.29
E0_2013_2014_367,1.37
E0_2013_2014_369,2.05
E0_2013_2014_368,1.13
E0_2013_2014_370,7.66
E0_2013_2014_371,2.53
E0_2013_2014_372,3.81
E0_2013_2014_373,1.2
E0_2013_2014_374,1.15
E0_2013_2014_375,4.31
E0_2013_2014_376,2.56
E0_2013_2014_377,2.29
E0_2013_2014_378,1.49
E0_2013_2014_379,2.04
E0_2014_2015_6,3.74
E0_2014_2015_5,2.23
E0_2014_2015_4,1.92
E0_2014_2015_1,3.06
E0_2014_2015_2,1.34
E0_2014_2015_0,1.25
E0_2014_2015_3,2.47
E0_2014_2015_7,1.34
E0_2014_2015_8,5.24
E0_2014_2015_9,8.72
E0_2014_2015_14,1.86
E0_2014_2015_15,1.64
E0_2014_2015_13,2.71
E0_2014_2015_11,1.2
E0_2014_2015_10,2.5
E0_2014_2015_12,2.44
E0_2014_2015_16,2.44
E0_2014_2015_17,4.8
E0_2014_2015_18,1.46
E0_2014_2015_19,1.83
E0_2014_2015_23,1.72
E0_2014_2015_20,5.97
E0_2014_2015_21,3.56
E0_2014_2015_22,1.19
E0_2014_2015_24,2.41
E0_2014_2015_25,1.85
E0_2014_2015_26,2.73
E0_2014_2015_27,2.25
E0_2014_2015_28,4.48
E0_2014_2015_29,2.63
E0_2014_2015_35,2.09
E0_2014_2015_37,3.45
E0_2014_2015_34,1.78
E0_2014_2015_36,3.59
E0_2014_2015_32,2.19
E0_2014_2015_31,1.3
E0_2014_2015_33,1.29
E0_2014_2015_30,2.93
E0_2014_2015_38,1.27
E0_2014_2015_39,2.13
E0_2014_2015_44,2.45
E0_2014_2015_43,2.74
E0_2014_2015_45,4.38
E0_2014_2015_41,2.5
E0_2014_2015_40,4.6
E0_2014_2015_42,2.14
E0_2014_2015_46,1.39
E0_2014_2015_47,5.39
E0_2014_2015_48,2.37
E0_2014_2015_49,1.5
E0_2014_2015_56,1.44
E0_2014_2015_50,1.77
E0_2014_2015_51,1.21
E0_2014_2015_52,2.6
E0_2014_2015_53,6.34
E0_2014_2015_54,1.91
E0_2014_2015_55,1.38
E0_2014_2015_57,2.79
E0_2014_2015_58,1.98
E0_2014_2015_59,2.1
E0_2014_2015_60,7.25
E0_2014_2015_61,2.07
E0_2014_2015_62,1.78
E0_2014_2015_63,1.43
E0_2014_2015_64,2.5
E0_2014_2015_65,1.87
E0_2014_2015_66,1.66
E0_2014_2015_67,1.65
E0_2014_2015_68,2.15
E0_2014_2015_69,1.9
E0_2014_2015_76,1.57
E0_2014_2015_75,2.19
E0_2014_2015_74,1.46
E0_2014_2015_70,1.41
E0_2014_2015_72,7.96
E0_2014_2015_71,2.75
E0_2014_2015_73,1.58
E0_2014_2015_77,5.98
E0_2014_2015_78,2.46
E0_2014_2015_79,4.83
E0_2014_2015_85,6.07
E0_2014_2015_84,1.88
E0_2014_2015_83,1.9
E0_2014_2015_81,1.6
E0_2014_2015_80,1.43
E0_2014_2015_82,5.05
E0_2014_2015_86,4.46
E0_2014_2015_87,2.84
E0_2014_2015_88,1.74
E0_2014_2015_89,2.33
E0_2014_2015_96,2.36
E0_2014_2015_94,2.27
E0_2014_2015_93,3.85
E0_2014_2015_95,3.72
E0_2014_2015_91,1.17
E0_2014_2015_90,1.27
E0_2014_2015_92,1.72
E0_2014_2015_97,3.72
E0_2014_2015_98,1.88
E0_2014_2015_99,2.07
E0_2014_2015_100,2.49
E0_2014_2015_101,3.27
E0_2014_2015_102,1.3
E0_2014_2015_103,6.74
E0_2014_2015_104,1.43
E0_2014_2015_105,1.72
E0_2014_2015_109,2.26
E0_2014_2015_108,1.67
E0_2014_2015_106,3.82
E0_2014_2015_107,3.5
E0_2014_2015_110,2.15
E0_2014_2015_111,1.23
E0_2014_2015_112,1.83
E0_2014_2015_113,2.1
E0_2014_2015_114,1.37
E0_2014_2015_115,1.82
E0_2014_2015_116,1.69
E0_2014_2015_118,3.48
E0_2014_2015_117,4.41
E0_2014_2015_119,5.02
E0_2014_2015_125,1.78
E0_2014_2015_124,8.91
E0_2014_2015_123,2.29
E0_2014_2015_127,2.12
E0_2014_2015_121,1.69
E0_2014_2015_120,2.14
E0_2014_2015_122,1.31
E0_2014_2015_126,4.46
E0_2014_2015_129,2.26
E0_2014_2015_128,3.1
E0_2014_2015_130,2.78
E0_2014_2015_131,2.06
E0_2014_2015_132,3.71
E0_2014_2015_133,1.44
E0_2014_2015_134,1.71
E0_2014_2015_135,2.46
E0_2014_2015_136,1.77
E0_2014_2015_137,1.41
E0_2014_2015_138,1.51
E0_2014_2015_139,6.8
E0_2014_2015_146,1.59
E0_2014_2015_145,3.97
E0_2014_2015_144,2.04
E0_2014_2015_141,1.49
E0_2014_2015_142,1.5
E0_2014_2015_140,2.39
E0_2014_2015_143,6.64
E0_2014_2015_147,2.34
E0_2014_2015_148,2.35
E0_2014_2015_149,2.73
E0_2014_2015_155,2.87
E0_2014_2015_156,2.11
E0_2014_2015_154,6.55
E0_2014_2015_152,1.17
E0_2014_2015_151,5.06
E0_2014_2015_150,1.43
E0_2014_2015_153,2.53
E0_2014_2015_157,1.81
E0_2014_2015_158,2.47
E0_2014_2015_159,1.45
E0_2014_2015_164,2.41
E0_2014_2015_166,1.7
E0_2014_2015_165,1.49
E0_2014_2015_162,1.29
E0_2014_2015_161,2.95
E0_2014_2015_160,6.11
E0_2014_2015_163,2.4
E0_2014_2015_167,2.77
E0_2014_2015_168,2.06
E0_2014_2015_169,5.93
E0_2014_2015_177,2.03
E0_2014_2015_176,1.38
E0_2014_2015_179,6.31
E0_2014_2015_178,1.73
E0_2014_2015_175,3.63
E0_2014_2015_174,1.8
E0_2014_2015_173,3.59
E0_2014_2015_172,1.33
E0_2014_2015_171,4.58
E0_2014_2015_170,1.26
E0_2014_2015_188,3.41
E0_2014_2015_187,3.18
E0_2014_2015_186,1.88
E0_2014_2015_185,4.62
E0_2014_2015_184,2.35
E0_2014_2015_183,2.84
E0_2014_2015_182,1.16
E0_2014_2015_181,2.23
E0_2014_2015_180,2.3
E0_2014_2015_189,1.67
E0_2014_2015_199,1.84
E0_2014_2015_198,4.71
E0_2014_2015_196,2.87
E0_2014_2015_195,2.93
E0_2014_2015_197,3.94
E0_2014_2015_193,1.23
E0_2014_2015_192,1.4
E0_2014_2015_191,3.28
E0_2014_2015_190,2.37
E0_2014_2015_194,1.78
E0_2014_2015_207,2.02
E0_2014_2015_205,4.21
E0_2014_2015_204,2.17
E0_2014_2015_206,2.22
E0_2014_2015_202,3.48
E0_2014_2015_201,1.19
E0_2014_2015_200,2.14
E0_2014_2015_203,4.22
E0_2014_2015_208,1.46
E0_2014_2015_209,1.81
E0_2014_2015_210,4.48
E0_2014_2015_211,2.48
E0_2014_2015_212,2.56
E0_2014_2015_213,3.17
E0_2014_2015_214,5.77
E0_2014_2015_215,6.64
E0_2014_2015_216,1.59
E0_2014_2015_217,1.79
E0_2014_2015_218,1.74
E0_2014_2015_219,1.83
E0_2014_2015_220,2.12
E0_2014_2015_221,2.73
E0_2014_2015_222,2.62
E0_2014_2015_223,1.65
E0_2014_2015_224,1.34
E0_2014_2015_225,1.64
E0_2014_2015_226,2.2
E0_2014_2015_227,2.84
E0_2014_2015_228,1.26
E0_2014_2015_229,1.59
E0_2014_2015_236,3.15
E0_2014_2015_235,1.88
E0_2014_2015_234,4.46
E0_2014_2015_230,9.83
E0_2014_2015_232,2.35
E0_2014_2015_231,3.26
E0_2014_2015_233,1.18
E0_2014_2015_237,2.53
E0_2014_2015_238,2.26
E0_2014_2015_239,3.94
E0_2014_2015_243,1.9
E0_2014_2015_242,1.88
E0_2014_2015_240,1.28
E0_2014_2015_241,2.3
E0_2014_2015_244,1.32
E0_2014_2015_245,2.33
E0_2014_2015_246,1.29
E0_2014_2015_247,1.7
E0_2014_2015_248,5.36
E0_2014_2015_249,2.46
E0_2014_2015_252,4.64
E0_2014_2015_256,3.93
E0_2014_2015_255,2.61
E0_2014_2015_254,1.28
E0_2014_2015_251,1.2
E0_2014_2015_250,2.61
E0_2014_2015_253,2.04
E0_2014_2015_258,2.49
E0_2014_2015_257,1.81
E0_2014_2015_259,1.78
E0_2014_2015_265,2.1
E0_2014_2015_263,1.95
E0_2014_2015_264,3.33
E0_2014_2015_261,1.36
E0_2014_2015_260,2.59
E0_2014_2015_262,1.94
E0_2014_2015_266,1.54
E0_2014_2015_267,3.02
E0_2014_2015_268,2.78
E0_2014_2015_269,2.15
E0_2014_2015_270,1.69
E0_2014_2015_277,5.8
E0_2014_2015_276,1.73
E0_2014_2015_275,2.46
E0_2014_2015_272,1.25
E0_2014_2015_271,1.36
E0_2014_2015_273,3.98
E0_2014_2015_274,6.37
E0_2014_2015_278,4.55
E0_2014_2015_284,2.33
E0_2014_2015_279,1.38
E0_2014_2015_280,7.31
E0_2014_2015_281,1.78
E0_2014_2015_282,2.17
E0_2014_2015_283,2.32
E0_2014_2015_287,1.89
E0_2014_2015_286,1.81
E0_2014_2015_285,1.59
E0_2014_2015_288,3.96
E0_2014_2015_289,2.45
E0_2014_2015_290,1.31
E0_2014_2015_291,5.71
E0_2014_2015_292,1.45
E0_2014_2015_293,2.13
E0_2014_2015_294,1.56
E0_2014_2015_295,1.81
E0_2014_2015_298,3.35
E0_2014_2015_297,2.11
E0_2014_2015_296,7.87
E0_2014_2015_299,1.83
E0_2014_2015_300,1.27
E0_2014_2015_301,2.64
E0_2014_2015_302,2.32
E0_2014_2015_303,1.3
E0_2014_2015_304,1.94
E0_2014_2015_305,1.75
E0_2014_2015_306,3.44
E0_2014_2015_307,2.51
E0_2014_2015_308,5.19
E0_2014_2015_309,2.1
E0_2014_2015_315,2.27
E0_2014_2015_316,2.26
E0_2014_2015_313,2.45
E0_2014_2015_314,1.6
E0_2014_2015_311,1.51
E0_2014_2015_310,6.21
E0_2014_2015_312,2.83
E0_2014_2015_317,2.61
E0_2014_2015_318,8.59
E0_2014_2015_319,1.4
E0_2014_2015_320,2.0
E0_2014_2015_321,1.92
E0_2014_2015_322,1.71
E0_2014_2015_323,2.11
E0_2014_2015_324,3.36
E0_2014_2015_325,1.25
E0_2014_2015_326,3.19
E0_2014_2015_333,1.9
E0_2014_2015_332,2.06
E0_2014_2015_331,2.33
E0_2014_2015_334,3.94
E0_2014_2015_329,1.26
E0_2014_2015_328,2.04
E0_2014_2015_327,2.49
E0_2014_2015_330,2.39
E0_2014_2015_335,2.36
E0_2014_2015_336,3.54
E0_2014_2015_337,4.08
E0_2014_2015_338,5.35
E0_2014_2015_339,2.69
E0_2014_2015_340,1.94
E0_2014_2015_341,1.37
E0_2014_2015_342,1.36
E0_2014_2015_343,3.92
E0_2014_2015_344,2.25
E0_2014_2015_345,2.22
E0_2014_2015_347,3.59
E0_2014_2015_346,1.34
E0_2014_2015_348,5.25
E0_2014_2015_349,1.9
E0_2014_2015_350,4.36
E0_2014_2015_351,1.77
E0_2014_2015_352,1.91
E0_2014_2015_353,2.55
E0_2014_2015_354,2.48
E0_2014_2015_355,2.84
E0_2014_2015_357,1.21
E0_2014_2015_356,2.07
E0_2014_2015_358,1.3
E0_2014_2015_364,1.77
E0_2014_2015_365,2.86
E0_2014_2015_363,2.71
E0_2014_2015_360,1.45
E0_2014_2015_361,2.93
E0_2014_2015_359,2.59
E0_2014_2015_362,1.75
E0_2014_2015_366,2.41
E0_2014_2015_367,4.79
E0_2014_2015_368,3.94
E0_2014_2015_369,1.29
E0_2014_2015_379,3.42
E0_2014_2015_378,1.77
E0_2014_2015_377,1.56
E0_2014_2015_376,1.56
E0_2014_2015_375,3.14
E0_2014_2015_374,2.32
E0_2014_2015_373,2.19
E0_2014_2015_371,2.07
E0_2014_2015_370,1.39
E0_2014_2015_372,1.34
E0_2015_2016_3,1.96
E0_2015_2016_4,1.63
E0_2015_2016_5,2.53
E0_2015_2016_2,1.69
E0_2015_2016_0,1.96
E0_2015_2016_1,1.37
E0_2015_2016_6,1.29
E0_2015_2016_7,2.79
E0_2015_2016_8,3.33
E0_2015_2016_9,5.46
E0_2015_2016_10,5.37
E0_2015_2016_16,2.25
E0_2015_2016_15,2.25
E0_2015_2016_14,1.77
E0_2015_2016_12,2.47
E0_2015_2016_11,1.95
E0_2015_2016_13,1.92
E0_2015_2016_17,5.0
E0_2015_2016_18,2.09
E0_2015_2016_19,1.44
E0_2015_2016_24,3.74
E0_2015_2016_22,1.36
E0_2015_2016_23,2.3
E0_2015_2016_20,1.83
E0_2015_2016_25,2.34
E0_2015_2016_21,2.63
E0_2015_2016_27,2.7
E0_2015_2016_28,5.93
E0_2015_2016_26,4.72
E0_2015_2016_29,1.72
E0_2015_2016_37,1.94
E0_2015_2016_30,1.89
E0_2015_2016_31,2.14
E0_2015_2016_32,1.35
E0_2015_2016_33,1.36
E0_2015_2016_34,1.19
E0_2015_2016_35,5.7
E0_2015_2016_36,1.93
E0_2015_2016_38,2.01
E0_2015_2016_39,3.42
E0_2015_2016_45,2.68
E0_2015_2016_44,2.33
E0_2015_2016_43,1.93
E0_2015_2016_40,1.27
E0_2015_2016_41,5.44
E0_2015_2016_46,3.09
E0_2015_2016_42,3.91
E0_2015_2016_48,4.14
E0_2015_2016_47,1.86
E0_2015_2016_49,2.19
E0_2015_2016_55,2.43
E0_2015_2016_56,2.26
E0_2015_2016_54,2.47
E0_2015_2016_50,2.28
E0_2015_2016_52,2.41
E0_2015_2016_51,1.7
E0_2015_2016_53,1.26
E0_2015_2016_57,1.64
E0_2015_2016_58,3.06
E0_2015_2016_59,1.97
E0_2015_2016_66,3.94
E0_2015_2016_60,4.26
E0_2015_2016_61,1.52
E0_2015_2016_62,1.21
E0_2015_2016_63,5.62
E0_2015_2016_64,2.03
E0_2015_2016_65,2.48
E0_2015_2016_67,2.22
E0_2015_2016_68,2.48
E0_2015_2016_69,2.98
E0_2015_2016_75,2.25
E0_2015_2016_76,3.05
E0_2015_2016_74,1.23
E0_2015_2016_70,2.47
E0_2015_2016_72,1.8
E0_2015_2016_71,2.1
E0_2015_2016_73,1.81
E0_2015_2016_77,2.01
E0_2015_2016_78,2.66
E0_2015_2016_79,2.66
E0_2015_2016_87,2.03
E0_2015_2016_86,5.76
E0_2015_2016_85,2.43
E0_2015_2016_84,1.75
E0_2015_2016_83,1.33
E0_2015_2016_81,1.98
E0_2015_2016_80,1.34
E0_2015_2016_82,3.15
E0_2015_2016_88,2.54
E0_2015_2016_89,2.03
E0_2015_2016_95,3.81
E0_2015_2016_94,2.09
E0_2015_2016_93,2.0
E0_2015_2016_91,2.94
E0_2015_2016_90,1.42
E0_2015_2016_92,2.21
E0_2015_2016_96,3.38
E0_2015_2016_97,2.05
E0_2015_2016_98,2.57
E0_2015_2016_99,2.53
E0_2015_2016_100,2.07
E0_2015_2016_101,3.77
E0_2015_2016_102,1.28
E0_2015_2016_103,2.35
E0_2015_2016_104,4.8
E0_2015_2016_105,2.52
E0_2015_2016_106,2.82
E0_2015_2016_108,1.54
E0_2015_2016_107,1.49
E0_2015_2016_109,1.42
E0_2015_2016_114,3.74
E0_2015_2016_115,4.63
E0_2015_2016_113,2.45
E0_2015_2016_116,2.53
E0_2015_2016_111,1.84
E0_2015_2016_110,2.2
E0_2015_2016_112,1.33
E0_2015_2016_117,1.69
E0_2015_2016_118,7.29
E0_2015_2016_119,1.66
E0_2015_2016_127,6.4
E0_2015_2016_125,1.89
E0_2015_2016_126,4.07
E0_2015_2016_124,1.59
E0_2015_2016_120,1.42
E0_2015_2016_122,1.66
E0_2015_2016_123,2.79
E0_2015_2016_121,1.57
E0_2015_2016_128,1.55
E0_2015_2016_129,1.55
E0_2015_2016_130,2.69
E0_2015_2016_131,2.87
E0_2015_2016_132,1.69
E0_2015_2016_133,3.13
E0_2015_2016_134,1.57
E0_2015_2016_135,3.1
E0_2015_2016_136,1.46
E0_2015_2016_137,5.51
E0_2015_2016_138,2.54
E0_2015_2016_139,2.05
E0_2015_2016_146,2.13
E0_2015_2016_145,2.66
E0_2015_2016_144,5.07
E0_2015_2016_147,4.45
E0_2015_2016_142,1.43
E0_2015_2016_141,1.37
E0_2015_2016_140,1.27
E0_2015_2016_143,1.49
E0_2015_2016_148,5.58
E0_2015_2016_149,2.03
E0_2015_2016_150,3.33
E0_2015_2016_151,2.52
E0_2015_2016_152,1.3
E0_2015_2016_153,2.85
E0_2015_2016_154,2.8
E0_2015_2016_155,2.55
E0_2015_2016_158,1.37
E0_2015_2016_156,6.1
E0_2015_2016_157,1.41
E0_2015_2016_159,3.07
E0_2015_2016_160,1.31
E0_2015_2016_161,2.05
E0_2015_2016_162,1.45
E0_2015_2016_163,2.0
E0_2015_2016_164,2.62
E0_2015_2016_165,2.44
E0_2015_2016_166,2.53
E0_2015_2016_167,2.07
E0_2015_2016_168,4.02
E0_2015_2016_169,2.37
E0_2015_2016_170,2.63
E0_2015_2016_171,2.42
E0_2015_2016_172,1.49
E0_2015_2016_173,1.93
E0_2015_2016_174,1.21
E0_2015_2016_175,3.24
E0_2015_2016_176,3.51
E0_2015_2016_177,3.21
E0_2015_2016_178,1.96
E0_2015_2016_179,1.43
E0_2015_2016_187,3.44
E0_2015_2016_186,2.16
E0_2015_2016_185,3.65
E0_2015_2016_184,2.04
E0_2015_2016_181,2.07
E0_2015_2016_182,1.93
E0_2015_2016_180,1.43
E0_2015_2016_183,2.55
E0_2015_2016_188,4.12
E0_2015_2016_189,5.22
E0_2015_2016_195,4.87
E0_2015_2016_197,3.86
E0_2015_2016_196,2.74
E0_2015_2016_194,2.45
E0_2015_2016_191,1.92
E0_2015_2016_192,1.53
E0_2015_2016_190,1.27
E0_2015_2016_193,3.07
E0_2015_2016_198,3.79
E0_2015_2016_199,2.71
E0_2015_2016_200,3.11
E0_2015_2016_201,1.98
E0_2015_2016_202,4.87
E0_2015_2016_209,1.75
E0_2015_2016_208,1.76
E0_2015_2016_207,2.0
E0_2015_2016_203,1.44
E0_2015_2016_205,1.5
E0_2015_2016_204,2.83
E0_2015_2016_206,1.98
E0_2015_2016_214,2.5
E0_2015_2016_215,1.71
E0_2015_2016_216,1.35
E0_2015_2016_212,1.79
E0_2015_2016_211,1.88
E0_2015_2016_210,3.52
E0_2015_2016_213,1.38
E0_2015_2016_217,2.29
E0_2015_2016_218,4.11
E0_2015_2016_219,2.39
E0_2015_2016_227,4.98
E0_2015_2016_226,2.13
E0_2015_2016_225,2.05
E0_2015_2016_224,2.94
E0_2015_2016_223,4.08
E0_2015_2016_222,1.88
E0_2015_2016_221,2.04
E0_2015_2016_220,3.48
E0_2015_2016_228,2.04
E0_2015_2016_229,1.68
E0_2015_2016_237,1.88
E0_2015_2016_236,2.61
E0_2015_2016_235,7.06
E0_2015_2016_234,4.37
E0_2015_2016_233,1.67
E0_2015_2016_232,2.58
E0_2015_2016_231,2.42
E0_2015_2016_230,1.76
E0_2015_2016_238,1.65
E0_2015_2016_239,4.1
E0_2015_2016_247,1.49
E0_2015_2016_246,2.23
E0_2015_2016_245,2.6
E0_2015_2016_244,1.73
E0_2015_2016_243,2.14
E0_2015_2016_242,1.6
E0_2015_2016_241,1.44
E0_2015_2016_240,2.38
E0_2015_2016_248,3.72
E0_2015_2016_249,2.09
E0_2015_2016_255,5.0
E0_2015_2016_254,2.41
E0_2015_2016_253,1.52
E0_2015_2016_256,3.11
E0_2015_2016_251,1.44
E0_2015_2016_250,2.05
E0_2015_2016_252,2.23
E0_2015_2016_257,1.72
E0_2015_2016_258,4.59
E0_2015_2016_259,2.06
E0_2015_2016_265,1.84
E0_2015_2016_263,2.37
E0_2015_2016_264,2.7
E0_2015_2016_261,2.83
E0_2015_2016_260,1.54
E0_2015_2016_262,1.67
E0_2015_2016_266,1.45
E0_2015_2016_267,3.17
E0_2015_2016_268,4.4
E0_2015_2016_269,2.87
E0_2015_2016_270,1.7
E0_2015_2016_271,5.26
E0_2015_2016_272,2.46
E0_2015_2016_277,3.89
E0_2015_2016_275,1.65
E0_2015_2016_276,1.97
E0_2015_2016_273,1.36
E0_2015_2016_274,2.57
E0_2015_2016_278,1.5
E0_2015_2016_279,1.7
E0_2015_2016_280,1.21
E0_2015_2016_281,2.63
E0_2015_2016_282,1.59
E0_2015_2016_283,2.0
E0_2015_2016_284,2.36
E0_2015_2016_285,2.94
E0_2015_2016_287,4.1
E0_2015_2016_286,3.63
E0_2015_2016_288,1.95
E0_2015_2016_289,5.86
E0_2015_2016_290,2.68
E0_2015_2016_291,6.97
E0_2015_2016_292,1.59
E0_2015_2016_298,2.23
E0_2015_2016_293,1.72
E0_2015_2016_294,2.93
E0_2015_2016_295,2.62
E0_2015_2016_296,1.66
E0_2015_2016_297,2.39
E0_2015_2016_301,2.61
E0_2015_2016_302,1.53
E0_2015_2016_299,1.83
E0_2015_2016_300,2.11
E0_2015_2016_310,1.95
E0_2015_2016_308,2.16
E0_2015_2016_309,2.08
E0_2015_2016_307,2.18
E0_2015_2016_303,1.35
E0_2015_2016_305,3.62
E0_2015_2016_304,6.14
E0_2015_2016_306,2.47
E0_2015_2016_311,2.21
E0_2015_2016_312,2.06
E0_2015_2016_319,3.72
E0_2015_2016_318,3.35
E0_2015_2016_317,3.77
E0_2015_2016_316,1.56
E0_2015_2016_315,1.33
E0_2015_2016_314,2.07
E0_2015_2016_313,3.47
E0_2015_2016_320,1.59
E0_2015_2016_321,3.41
E0_2015_2016_322,1.91
E0_2015_2016_323,2.85
E0_2015_2016_329,2.34
E0_2015_2016_328,2.34
E0_2015_2016_327,2.27
E0_2015_2016_325,2.59
E0_2015_2016_324,2.67
E0_2015_2016_326,1.23
E0_2015_2016_330,1.34
E0_2015_2016_331,3.46
E0_2015_2016_332,1.91
E0_2015_2016_333,4.46
E0_2015_2016_334,5.86
E0_2015_2016_337,1.54
E0_2015_2016_336,1.53
E0_2015_2016_335,1.69
E0_2015_2016_338,1.25
E0_2015_2016_339,6.65
E0_2015_2016_340,2.99
E0_2015_2016_341,1.55
E0_2015_2016_342,1.3
E0_2015_2016_343,1.73
E0_2015_2016_344,4.64
E0_2015_2016_345,1.22
E0_2015_2016_351,3.82
E0_2015_2016_349,2.68
E0_2015_2016_350,1.7
E0_2015_2016_347,1.98
E0_2015_2016_348,1.99
E0_2015_2016_346,1.26
E0_2015_2016_352,2.05
E0_2015_2016_353,2.68
E0_2015_2016_354,3.05
E0_2015_2016_355,2.68
E0_2015_2016_362,1.43
E0_2015_2016_360,4.39
E0_2015_2016_359,1.87
E0_2015_2016_361,2.89
E0_2015_2016_357,1.92
E0_2015_2016_356,5.45
E0_2015_2016_358,2.03
E0_2015_2016_363,1.49
E0_2015_2016_364,2.48
E0_2015_2016_365,1.98
E0_2015_2016_366,2.96
E0_2015_2016_367,1.97
E0_2015_2016_368,1.82
E0_2015_2016_369,1.73
E0_2015_2016_376,6.04
E0_2015_2016_377,2.02
E0_2015_2016_378,2.38
E0_2015_2016_375,3.37
E0_2015_2016_371,2.28
E0_2015_2016_373,4.38
E0_2015_2016_372,1.75
E0_2015_2016_370,1.15
E0_2015_2016_374,1.33
E0_2015_2016_379,1.66
E0_2016_2017_6,1.82
E0_2016_2017_5,2.31
E0_2016_2017_3,4.17
E0_2016_2017_4,1.25
E0_2016_2017_1,2.01
E0_2016_2017_0,2.43
E0_2016_2017_2,3.12
E0_2016_2017_7,2.36
E0_2016_2017_8,4.5
E0_2016_2017_9,1.64
E0_2016_2017_10,1.52
E0_2016_2017_15,1.46
E0_2016_2017_16,5.22
E0_2016_2017_14,1.79
E0_2016_2017_17,2.97
E0_2016_2017_12,2.87
E0_2016_2017_11,6.43
E0_2016_2017_13,5.11
E0_2016_2017_18,2.52
E0_2016_2017_19,1.94
E0_2016_2017_27,5.12
E0_2016_2017_26,2.37
E0_2016_2017_25,1.6
E0_2016_2017_24,1.72
E0_2016_2017_23,7.8
E0_2016_2017_22,1.72
E0_2016_2017_21,2.31
E0_2016_2017_20,1.25
E0_2016_2017_28,1.28
E0_2016_2017_29,2.56
E0_2016_2017_36,4.38
E0_2016_2017_35,2.27
E0_2016_2017_34,2.32
E0_2016_2017_37,1.88
E0_2016_2017_32,2.41
E0_2016_2017_31,2.02
E0_2016_2017_30,1.57
E0_2016_2017_33,1.66
E0_2016_2017_38,5.45
E0_2016_2017_39,3.59
E0_2016_2017_40,2.25
E0_2016_2017_41,1.65
E0_2016_2017_42,5.94
E0_2016_2017_43,1.48
E0_2016_2017_44,1.28
E0_2016_2017_45,2.73
E0_2016_2017_49,5.67
E0_2016_2017_48,1.33
E0_2016_2017_46,2.03
E0_2016_2017_47,1.68
E0_2016_2017_50,2.35
E0_2016_2017_51,3.55
E0_2016_2017_52,1.22
E0_2016_2017_53,1.71
E0_2016_2017_54,3.7
E0_2016_2017_55,2.33
E0_2016_2017_56,2.81
E0_2016_2017_57,8.38
E0_2016_2017_58,2.78
E0_2016_2017_59,2.9
E0_2016_2017_60,1.73
E0_2016_2017_61,6.93
E0_2016_2017_62,2.44
E0_2016_2017_63,7.38
E0_2016_2017_64,2.35
E0_2016_2017_65,2.21
E0_2016_2017_66,8.94
E0_2016_2017_67,2.21
E0_2016_2017_68,1.34
E0_2016_2017_69,2.96
E0_2016_2017_76,5.27
E0_2016_2017_75,1.99
E0_2016_2017_74,1.5
E0_2016_2017_72,1.58
E0_2016_2017_71,1.83
E0_2016_2017_70,1.28
E0_2016_2017_73,2.1
E0_2016_2017_77,2.25
E0_2016_2017_78,1.39
E0_2016_2017_79,2.16
E0_2016_2017_85,1.28
E0_2016_2017_87,1.68
E0_2016_2017_86,2.31
E0_2016_2017_84,2.04
E0_2016_2017_83,3.01
E0_2016_2017_82,5.84
E0_2016_2017_81,3.94
E0_2016_2017_80,1.26
E0_2016_2017_88,2.21
E0_2016_2017_89,1.49
E0_2016_2017_96,7.45
E0_2016_2017_94,1.63
E0_2016_2017_93,7.88
E0_2016_2017_95,1.75
E0_2016_2017_91,1.21
E0_2016_2017_90,4.82
E0_2016_2017_92,2.49
E0_2016_2017_97,1.79
E0_2016_2017_98,3.1
E0_2016_2017_99,2.04
E0_2016_2017_100,1.62
E0_2016_2017_101,3.32
E0_2016_2017_102,1.56
E0_2016_2017_103,1.22
E0_2016_2017_104,2.0
E0_2016_2017_108,1.28
E0_2016_2017_107,1.78
E0_2016_2017_109,4.82
E0_2016_2017_105,1.94
E0_2016_2017_106,5.46
E0_2016_2017_110,6.09
E0_2016_2017_111,1.58
E0_2016_2017_112,2.54
E0_2016_2017_113,3.33
E0_2016_2017_114,2.25
E0_2016_2017_115,2.11
E0_2016_2017_116,1.5
E0_2016_2017_117,2.8
E0_2016_2017_118,6.43
E0_2016_2017_119,1.92
E0_2016_2017_125,2.61
E0_2016_2017_124,1.17
E0_2016_2017_123,1.88
E0_2016_2017_120,9.52
E0_2016_2017_121,1.76
E0_2016_2017_122,3.1
E0_2016_2017_126,1.42
E0_2016_2017_127,1.48
E0_2016_2017_128,2.15
E0_2016_2017_129,2.38
E0_2016_2017_135,2.16
E0_2016_2017_136,4.79
E0_2016_2017_134,1.35
E0_2016_2017_131,2.12
E0_2016_2017_132,1.62
E0_2016_2017_130,3.38
E0_2016_2017_133,3.26
E0_2016_2017_137,4.59
E0_2016_2017_138,3.59
E0_2016_2017_139,1.79
E0_2016_2017_145,3.06
E0_2016_2017_143,4.99
E0_2016_2017_144,2.13
E0_2016_2017_141,3.36
E0_2016_2017_140,1.36
E0_2016_2017_142,3.33
E0_2016_2017_146,1.27
E0_2016_2017_147,1.29
E0_2016_2017_148,2.2
E0_2016_2017_149,1.69
E0_2016_2017_150,2.41
E0_2016_2017_151,4.11
E0_2016_2017_157,1.23
E0_2016_2017_159,1.64
E0_2016_2017_158,2.04
E0_2016_2017_156,9.49
E0_2016_2017_153,1.26
E0_2016_2017_154,5.99
E0_2016_2017_155,3.15
E0_2016_2017_152,5.19
E0_2016_2017_160,5.82
E0_2016_2017_161,2.07
E0_2016_2017_162,2.55
E0_2016_2017_163,2.6
E0_2016_2017_164,5.38
E0_2016_2017_165,1.65
E0_2016_2017_166,2.91
E0_2016_2017_167,2.13
E0_2016_2017_168,1.21
E0_2016_2017_169,4.12
E0_2016_2017_176,2.63
E0_2016_2017_175,1.22
E0_2016_2017_174,2.5
E0_2016_2017_177,2.47
E0_2016_2017_172,1.38
E0_2016_2017_171,2.97
E0_2016_2017_170,1.34
E0_2016_2017_173,9.42
E0_2016_2017_178,1.29
E0_2016_2017_179,2.89
E0_2016_2017_180,4.2
E0_2016_2017_187,2.82
E0_2016_2017_185,1.25
E0_2016_2017_184,2.35
E0_2016_2017_186,1.76
E0_2016_2017_182,1.27
E0_2016_2017_181,2.38
E0_2016_2017_183,2.07
E0_2016_2017_188,1.33
E0_2016_2017_189,5.49
E0_2016_2017_190,2.23
E0_2016_2017_191,1.16
E0_2016_2017_192,2.73
E0_2016_2017_193,9.41
E0_2016_2017_194,1.75
E0_2016_2017_195,5.56
E0_2016_2017_197,1.79
E0_2016_2017_196,4.44
E0_2016_2017_198,1.88
E0_2016_2017_199,2.78
E0_2016_2017_200,3.56
E0_2016_2017_201,3.24
E0_2016_2017_202,5.78
E0_2016_2017_203,3.0
E0_2016_2017_204,6.38
E0_2016_2017_205,1.32
E0_2016_2017_206,2.49
E0_2016_2017_207,2.38
E0_2016_2017_208,4.39
E0_2016_2017_209,2.14
E0_2016_2017_216,1.68
E0_2016_2017_215,5.84
E0_2016_2017_214,2.45
E0_2016_2017_211,3.12
E0_2016_2017_212,1.22
E0_2016_2017_210,1.84
E0_2016_2017_213,2.12
E0_2016_2017_217,1.2
E0_2016_2017_218,1.17
E0_2016_2017_219,1.83
E0_2016_2017_225,8.95
E0_2016_2017_226,3.24
E0_2016_2017_224,2.68
E0_2016_2017_221,2.09
E0_2016_2017_222,2.85
E0_2016_2017_220,1.23
E0_2016_2017_223,2.6
E0_2016_2017_227,1.18
E0_2016_2017_228,2.82
E0_2016_2017_229,5.68
E0_2016_2017_237,2.31
E0_2016_2017_236,2.12
E0_2016_2017_235,1.27
E0_2016_2017_234,1.84
E0_2016_2017_233,7.42
E0_2016_2017_231,1.69
E0_2016_2017_230,1.95
E0_2016_2017_232,1.71
E0_2016_2017_238,5.58
E0_2016_2017_239,1.22
E0_2016_2017_244,2.1
E0_2016_2017_246,2.22
E0_2016_2017_243,3.7
E0_2016_2017_245,3.76
E0_2016_2017_241,2.24
E0_2016_2017_242,1.25
E0_2016_2017_240,1.28
E0_2016_2017_247,8.28
E0_2016_2017_248,2.41
E0_2016_2017_249,6.91
E0_2016_2017_254,2.57
E0_2016_2017_253,2.16
E0_2016_2017_255,2.07
E0_2016_2017_251,2.1
E0_2016_2017_250,1.25
E0_2016_2017_252,1.4
E0_2016_2017_256,1.42
E0_2016_2017_257,5.66
E0_2016_2017_258,1.85
E0_2016_2017_259,2.11
E0_2016_2017_260,1.25
E0_2016_2017_261,1.95
E0_2016_2017_262,2.01
E0_2016_2017_263,3.51
E0_2016_2017_264,2.19
E0_2016_2017_265,10.54
E0_2016_2017_266,1.63
E0_2016_2017_267,5.74
E0_2016_2017_268,1.23
E0_2016_2017_269,2.59
E0_2016_2017_270,1.67
E0_2016_2017_271,2.52
E0_2016_2017_272,1.24
E0_2016_2017_278,5.09
E0_2016_2017_277,2.54
E0_2016_2017_276,6.13
E0_2016_2017_279,2.3
E0_2016_2017_274,1.92
E0_2016_2017_273,2.16
E0_2016_2017_275,1.51
E0_2016_2017_280,1.97
E0_2016_2017_281,5.69
E0_2016_2017_282,1.7
E0_2016_2017_289,1.64
E0_2016_2017_283,5.5
E0_2016_2017_284,1.28
E0_2016_2017_285,2.45
E0_2016_2017_286,2.04
E0_2016_2017_287,1.7
E0_2016_2017_288,1.36
E0_2016_2017_290,1.84
E0_2016_2017_291,3.08
E0_2016_2017_292,1.97
