h_nb_victories,h_nb_draws,h_nb_defeats,h_nb_points,h_nb_goals_scored,h_nb_goals_conceded,h_nb_goals_diff,h_nb_games,h_nb_games_home,h_nb_victories_home,h_nb_draws_home,h_nb_defeats_home,h_nb_points_home,h_nb_goals_scored_home,h_nb_goals_conceded_home,h_diff_goals_home,h_last_n_games_points_home,h_last_n_games_victories_home,h_last_n_games_draws_home,h_last_n_games_defeats_home,h_mean_nb_goals_scored_home,h_mean_nb_goals_conceded_home,h_season_wages,a_nb_victories,a_nb_draws,a_nb_defeats,a_nb_points,a_nb_goals_scored,a_nb_goals_conceded,a_nb_goals_diff,a_nb_games,a_nb_games_away,a_nb_victories_away,a_nb_draws_away,a_nb_defeats_away,a_nb_points_away,a_nb_goals_scored_away,a_nb_goals_conceded_away,a_diff_goals_away,a_last_n_games_points_away,a_last_n_games_victories_away,a_last_n_games_draws_away,a_last_n_games_defeats_away,a_mean_nb_goals_scored_away,a_mean_nb_goals_conceded_away,a_season_wages,diff_nb_victories,diff_nb_draws,diff_nb_defeats,diff_nb_points,diff_nb_goals_diff,diff_season_wages,Month,Week,distance_km,capacity_home_stadium,home_win,id
0.0,0.0,0.0,0.0,0.0,0.0,0.0,0.0,0.0,0.0,0.0,0.0,0.0,0.0,0.0,0.0,0.0,0.0,0.0,0.0,0.0,0.0,80.1,0.0,0.0,0.0,0.0,0.0,0.0,0.0,0.0,0.0,0.0,0.0,0.0,0.0,0.0,0.0,0.0,0.0,0.0,0.0,0.0,0.0,0.0,39.1,0.0,0.0,0.0,0.0,0.0,41.0,8,33,7839.95533728,42785.0,0,E0_2009_2010_0
0.0,0.0,0.0,0.0,0.0,0.0,0.0,0.0,0.0,0.0,0.0,0.0,0.0,0.0,0.0,0.0,0.0,0.0,0.0,0.0,0.0,0.0,47.0,0.0,0.0,0.0,0.0,0.0,0.0,0.0,0.0,0.0,0.0,0.0,0.0,0.0,0.0,0.0,0.0,0.0,0.0,0.0,0.0,0.0,0.0,132.5,0.0,0.0,0.0,0.0,0.0,-85.5,8,33,2384.24417552,31154.0,0,E0_2009_2010_1
0.0,0.0,0.0,0.0,0.0,0.0,0.0,0.0,0.0,0.0,0.0,0.0,0.0,0.0,0.0,0.0,0.0,0.0,0.0,0.0,0.0,0.0,45.9,0.0,0.0,0.0,0.0,0.0,0.0,0.0,0.0,0.0,0.0,0.0,0.0,0.0,0.0,0.0,0.0,0.0,0.0,0.0,0.0,0.0,0.0,54.0,0.0,0.0,0.0,0.0,0.0,-8.1,8,33,8738.10940022,28100.0,0,E0_2009_2010_2
0.0,0.0,0.0,0.0,0.0,0.0,0.0,0.0,0.0,0.0,0.0,0.0,0.0,0.0,0.0,0.0,0.0,0.0,0.0,0.0,0.0,0.0,174.7,0.0,0.0,0.0,0.0,0.0,0.0,0.0,0.0,0.0,0.0,0.0,0.0,0.0,0.0,0.0,0.0,0.0,0.0,0.0,0.0,0.0,0.0,38.3,0.0,0.0,0.0,0.0,0.0,136.4,8,33,14384.6565939,42449.0,1,E0_2009_2010_3
0.0,0.0,0.0,0.0,0.0,0.0,0.0,0.0,0.0,0.0,0.0,0.0,0.0,0.0,0.0,0.0,0.0,0.0,0.0,0.0,0.0,0.0,54.5,0.0,0.0,0.0,0.0,0.0,0.0,0.0,0.0,0.0,0.0,0.0,0.0,0.0,0.0,0.0,0.0,0.0,0.0,0.0,0.0,0.0,0.0,110.8,0.0,0.0,0.0,0.0,0.0,-56.3,8,33,8491.07085483,40157.0,0,E0_2009_2010_4
0.0,0.0,0.0,0.0,0.0,0.0,0.0,0.0,0.0,0.0,0.0,0.0,0.0,0.0,0.0,0.0,0.0,0.0,0.0,0.0,0.0,0.0,0.0,0.0,0.0,0.0,0.0,0.0,0.0,0.0,0.0,0.0,0.0,0.0,0.0,0.0,0.0,0.0,0.0,0.0,0.0,0.0,0.0,0.0,0.0,48.5,0.0,0.0,0.0,0.0,0.0,-48.5,8,33,5273.21616899,20224.0,0,E0_2009_2010_5
0.0,0.0,0.0,0.0,0.0,0.0,0.0,0.0,0.0,0.0,0.0,0.0,0.0,0.0,0.0,0.0,0.0,0.0,0.0,0.0,0.0,0.0,44.8,0.0,0.0,0.0,0.0,0.0,0.0,0.0,0.0,0.0,0.0,0.0,0.0,0.0,0.0,0.0,0.0,0.0,0.0,0.0,0.0,0.0,0.0,22.4,0.0,0.0,0.0,0.0,0.0,22.4,8,33,5113.36430783,27740.0,1,E0_2009_2010_6
0.0,0.0,0.0,0.0,0.0,0.0,0.0,0.0,0.0,0.0,0.0,0.0,0.0,0.0,0.0,0.0,0.0,0.0,0.0,0.0,0.0,0.0,29.9,0.0,0.0,0.0,0.0,0.0,0.0,0.0,0.0,0.0,0.0,0.0,0.0,0.0,0.0,0.0,0.0,0.0,0.0,0.0,0.0,0.0,0.0,54.0,0.0,0.0,0.0,0.0,0.0,-24.1,8,33,3980.33671161,27828.0,0,E0_2009_2010_7
0.0,0.0,0.0,0.0,0.0,0.0,0.0,0.0,0.0,0.0,0.0,0.0,0.0,0.0,0.0,0.0,0.0,0.0,0.0,0.0,0.0,0.0,131.6,0.0,0.0,0.0,0.0,0.0,0.0,0.0,0.0,0.0,0.0,0.0,0.0,0.0,0.0,0.0,0.0,0.0,0.0,0.0,0.0,0.0,0.0,38.1,0.0,0.0,0.0,0.0,0.0,93.5,8,33,6683.90670903,75811.0,1,E0_2009_2010_8
0.0,0.0,0.0,0.0,0.0,0.0,0.0,0.0,0.0,0.0,0.0,0.0,0.0,0.0,0.0,0.0,0.0,0.0,0.0,0.0,0.0,0.0,66.6,0.0,0.0,0.0,0.0,0.0,0.0,0.0,0.0,0.0,0.0,0.0,0.0,0.0,0.0,0.0,0.0,0.0,0.0,0.0,0.0,0.0,0.0,120.3,0.0,0.0,0.0,0.0,0.0,-53.7,8,33,8720.15409563,36230.0,1,E0_2009_2010_9
1.0,0.0,0.0,3.0,2.0,0.0,2.0,1.0,0.0,0.0,0.0,0.0,0.0,0.0,0.0,0.0,0.0,0.0,0.0,0.0,0.0,0.0,39.1,0.0,0.0,1.0,0.0,0.0,2.0,-2.0,1.0,0.0,0.0,0.0,0.0,0.0,0.0,0.0,0.0,0.0,0.0,0.0,0.0,0.0,0.0,29.9,1.0,0.0,-1.0,3.0,4.0,9.2,8,34,6783.28990816,25133.0,0,E0_2009_2010_11
1.0,0.0,0.0,3.0,1.0,0.0,1.0,1.0,0.0,0.0,0.0,0.0,0.0,0.0,0.0,0.0,0.0,0.0,0.0,0.0,0.0,0.0,54.0,1.0,0.0,0.0,3.0,2.0,1.0,1.0,1.0,0.0,0.0,0.0,0.0,0.0,0.0,0.0,0.0,0.0,0.0,0.0,0.0,0.0,0.0,174.7,0.0,0.0,0.0,0.0,0.0,-120.7,8,34,17871.5783766,48707.0,0,E0_2009_2010_10
0.0,0.0,1.0,0.0,0.0,1.0,-1.0,1.0,0.0,0.0,0.0,0.0,0.0,0.0,0.0,0.0,0.0,0.0,0.0,0.0,0.0,0.0,38.1,0.0,0.0,1.0,0.0,0.0,1.0,-1.0,1.0,0.0,0.0,0.0,0.0,0.0,0.0,0.0,0.0,0.0,0.0,0.0,0.0,0.0,0.0,0.0,0.0,0.0,0.0,0.0,0.0,38.1,8,34,9692.95456899,30079.0,1,E0_2009_2010_12
0.0,0.0,1.0,0.0,0.0,2.0,-2.0,1.0,0.0,0.0,0.0,0.0,0.0,0.0,0.0,0.0,0.0,0.0,0.0,0.0,0.0,0.0,22.4,1.0,0.0,0.0,3.0,1.0,0.0,1.0,1.0,0.0,0.0,0.0,0.0,0.0,0.0,0.0,0.0,0.0,0.0,0.0,0.0,0.0,0.0,131.6,-1.0,0.0,1.0,-3.0,-3.0,-109.2,8,34,2111.77496751,22546.0,1,E0_2009_2010_13
0.0,0.0,1.0,0.0,1.0,2.0,-1.0,1.0,0.0,0.0,0.0,0.0,0.0,0.0,0.0,0.0,0.0,0.0,0.0,0.0,0.0,0.0,38.3,1.0,0.0,0.0,3.0,2.0,1.0,1.0,1.0,0.0,0.0,0.0,0.0,0.0,0.0,0.0,0.0,0.0,0.0,0.0,0.0,0.0,0.0,66.6,-1.0,0.0,1.0,-3.0,-2.0,-28.3,8,34,13577.2903217,25404.0,0,E0_2009_2010_14
0.0,0.0,1.0,0.0,1.0,2.0,-1.0,1.0,0.0,0.0,0.0,0.0,0.0,0.0,0.0,0.0,0.0,0.0,0.0,0.0,0.0,0.0,120.3,1.0,0.0,0.0,3.0,2.0,0.0,2.0,1.0,0.0,0.0,0.0,0.0,0.0,0.0,0.0,0.0,0.0,0.0,0.0,0.0,0.0,0.0,44.8,-1.0,0.0,1.0,-3.0,-3.0,75.5,8,34,5613.8484919,45276.0,1,E0_2009_2010_15
1.0,0.0,1.0,3.0,2.0,1.0,1.0,2.0,1.0,0.0,0.0,1.0,0.0,0.0,1.0,-1.0,0.0,0.0,0.0,1.0,0.0,1.0,39.1,1.0,0.0,1.0,3.0,1.0,1.0,0.0,2.0,1.0,0.0,0.0,1.0,0.0,0.0,1.0,-1.0,0.0,0.0,0.0,1.0,0.0,1.0,131.6,0.0,0.0,0.0,0.0,1.0,-92.5,8,34,2360.0499154,25133.0,0,E0_2009_2010_21
1.0,0.0,0.0,3.0,6.0,1.0,5.0,1.0,0.0,0.0,0.0,0.0,0.0,0.0,0.0,0.0,0.0,0.0,0.0,0.0,0.0,0.0,110.8,0.0,0.0,2.0,0.0,0.0,2.0,-2.0,2.0,1.0,0.0,0.0,1.0,0.0,0.0,1.0,-1.0,0.0,0.0,0.0,1.0,0.0,1.0,0.0,1.0,0.0,-2.0,3.0,7.0,110.8,8,34,5709.31412774,60361.0,1,E0_2009_2010_16
1.0,0.0,1.0,3.0,1.0,1.0,0.0,2.0,1.0,1.0,0.0,0.0,3.0,1.0,0.0,1.0,3.0,1.0,0.0,0.0,1.0,0.0,38.1,1.0,0.0,1.0,3.0,2.0,4.0,-2.0,2.0,1.0,0.0,0.0,1.0,0.0,0.0,4.0,-4.0,0.0,0.0,0.0,1.0,0.0,4.0,44.8,0.0,0.0,0.0,0.0,2.0,-6.7,8,34,3583.89574047,30079.0,0,E0_2009_2010_17
0.0,0.0,2.0,0.0,2.0,7.0,-5.0,2.0,1.0,0.0,0.0,1.0,0.0,1.0,5.0,-4.0,0.0,0.0,0.0,1.0,1.0,5.0,38.3,0.0,0.0,1.0,0.0,0.0,1.0,-1.0,1.0,0.0,0.0,0.0,0.0,0.0,0.0,0.0,0.0,0.0,0.0,0.0,0.0,0.0,0.0,45.9,0.0,0.0,1.0,0.0,-4.0,-7.6,8,34,13087.2274628,25404.0,1,E0_2009_2010_18
1.0,0.0,0.0,3.0,2.0,0.0,2.0,1.0,0.0,0.0,0.0,0.0,0.0,0.0,0.0,0.0,0.0,0.0,0.0,0.0,0.0,0.0,132.5,1.0,0.0,1.0,3.0,1.0,2.0,-1.0,2.0,1.0,1.0,0.0,0.0,3.0,1.0,0.0,1.0,3.0,1.0,0.0,0.0,1.0,0.0,29.9,0.0,0.0,-1.0,0.0,3.0,102.6,8,34,5701.1309354,47405.0,1,E0_2009_2010_19
1.0,0.0,1.0,3.0,2.0,3.0,-1.0,2.0,1.0,0.0,0.0,1.0,0.0,1.0,3.0,-2.0,0.0,0.0,0.0,1.0,1.0,3.0,54.0,0.0,0.0,1.0,0.0,0.0,2.0,-2.0,1.0,0.0,0.0,0.0,0.0,0.0,0.0,0.0,0.0,0.0,0.0,0.0,0.0,0.0,0.0,47.0,1.0,0.0,0.0,3.0,1.0,7.0,8,34,7779.49290957,48707.0,1,E0_2009_2010_20
1.0,0.0,0.0,3.0,1.0,0.0,1.0,1.0,0.0,0.0,0.0,0.0,0.0,0.0,0.0,0.0,0.0,0.0,0.0,0.0,0.0,0.0,48.5,2.0,0.0,0.0,6.0,5.0,2.0,3.0,2.0,1.0,1.0,0.0,0.0,3.0,3.0,1.0,2.0,3.0,1.0,0.0,0.0,3.0,1.0,174.7,-1.0,0.0,0.0,-3.0,-2.0,-126.2,8,34,80.3441436246,25700.0,0,E0_2009_2010_23
1.0,0.0,0.0,3.0,2.0,0.0,2.0,1.0,0.0,0.0,0.0,0.0,0.0,0.0,0.0,0.0,0.0,0.0,0.0,0.0,0.0,0.0,54.0,2.0,0.0,0.0,6.0,7.0,2.0,5.0,2.0,1.0,1.0,0.0,0.0,3.0,5.0,1.0,4.0,3.0,1.0,0.0,0.0,5.0,1.0,66.6,-1.0,0.0,0.0,-3.0,-3.0,-12.6,8,34,487.831457697,35303.0,0,E0_2009_2010_24
1.0,0.0,1.0,3.0,1.0,2.0,-1.0,2.0,1.0,1.0,0.0,0.0,3.0,1.0,0.0,1.0,3.0,1.0,0.0,0.0,1.0,0.0,22.4,0.0,0.0,1.0,0.0,1.0,6.0,-5.0,1.0,0.0,0.0,0.0,0.0,0.0,0.0,0.0,0.0,0.0,0.0,0.0,0.0,0.0,0.0,54.5,1.0,0.0,0.0,3.0,4.0,-32.1,8,34,5075.01648345,22546.0,1,E0_2009_2010_22
1.0,0.0,1.0,3.0,5.0,2.0,3.0,2.0,1.0,1.0,0.0,0.0,3.0,4.0,0.0,4.0,3.0,1.0,0.0,0.0,4.0,0.0,120.3,0.0,0.0,1.0,0.0,0.0,2.0,-2.0,1.0,0.0,0.0,0.0,0.0,0.0,0.0,0.0,0.0,0.0,0.0,0.0,0.0,0.0,0.0,80.1,1.0,0.0,0.0,3.0,5.0,40.2,8,35,8217.78456225,45276.0,0,E0_2009_2010_25
0.0,0.0,2.0,0.0,1.0,4.0,-3.0,2.0,1.0,0.0,0.0,1.0,0.0,0.0,2.0,-2.0,0.0,0.0,0.0,1.0,0.0,2.0,47.0,1.0,0.0,1.0,3.0,3.0,2.0,1.0,2.0,1.0,1.0,0.0,0.0,3.0,2.0,0.0,2.0,3.0,1.0,0.0,0.0,2.0,0.0,54.0,-1.0,0.0,1.0,-3.0,-4.0,-7.0,8,35,10447.2443939,31154.0,0,E0_2009_2010_26
0.0,0.0,2.0,0.0,0.0,2.0,-2.0,2.0,1.0,0.0,0.0,1.0,0.0,0.0,1.0,-1.0,0.0,0.0,0.0,1.0,0.0,1.0,45.9,1.0,0.0,2.0,3.0,6.0,5.0,1.0,3.0,1.0,0.0,0.0,1.0,0.0,1.0,2.0,-1.0,0.0,0.0,0.0,1.0,1.0,2.0,120.3,-1.0,0.0,0.0,-3.0,-3.0,-74.4,8,35,2857.39218926,28100.0,0,E0_2009_2010_27
3.0,0.0,0.0,9.0,7.0,2.0,5.0,3.0,1.0,1.0,0.0,0.0,3.0,2.0,1.0,1.0,3.0,1.0,0.0,0.0,2.0,1.0,174.7,2.0,0.0,1.0,6.0,2.0,2.0,0.0,3.0,1.0,0.0,0.0,1.0,0.0,0.0,2.0,-2.0,0.0,0.0,0.0,1.0,0.0,2.0,22.4,1.0,0.0,-1.0,3.0,5.0,152.3,8,35,11317.831407,42449.0,1,E0_2009_2010_28
2.0,0.0,1.0,6.0,6.0,1.0,5.0,3.0,1.0,1.0,0.0,0.0,3.0,1.0,0.0,1.0,3.0,1.0,0.0,0.0,1.0,0.0,131.6,2.0,0.0,0.0,6.0,10.0,2.0,8.0,2.0,1.0,1.0,0.0,0.0,3.0,6.0,1.0,5.0,3.0,1.0,0.0,0.0,6.0,1.0,110.8,0.0,0.0,1.0,0.0,-3.0,20.8,8,35,9334.36120511,75811.0,1,E0_2009_2010_29
1.0,1.0,1.0,4.0,2.0,4.0,-2.0,3.0,1.0,1.0,0.0,0.0,3.0,2.0,0.0,2.0,3.0,1.0,0.0,0.0,2.0,0.0,44.8,2.0,0.0,1.0,6.0,4.0,4.0,0.0,3.0,1.0,1.0,0.0,0.0,3.0,1.0,0.0,1.0,3.0,1.0,0.0,0.0,1.0,0.0,54.0,-1.0,1.0,0.0,-2.0,-2.0,-9.2,8,35,12387.254649,27740.0,1,E0_2009_2010_30
3.0,0.0,0.0,9.0,9.0,3.0,6.0,3.0,1.0,1.0,0.0,0.0,3.0,2.0,1.0,1.0,3.0,1.0,0.0,0.0,2.0,1.0,66.6,1.0,1.0,1.0,4.0,1.0,1.0,0.0,3.0,1.0,0.0,0.0,1.0,0.0,0.0,1.0,-1.0,0.0,0.0,0.0,1.0,0.0,1.0,38.1,2.0,-1.0,-1.0,5.0,6.0,28.5,8,35,3966.42346745,36230.0,1,E0_2009_2010_31
1.0,0.0,2.0,3.0,1.0,3.0,-2.0,3.0,1.0,0.0,0.0,1.0,0.0,0.0,2.0,-2.0,0.0,0.0,0.0,1.0,0.0,2.0,29.9,1.0,0.0,2.0,3.0,3.0,7.0,-4.0,3.0,1.0,0.0,0.0,1.0,0.0,1.0,2.0,-1.0,0.0,0.0,0.0,1.0,1.0,2.0,38.3,0.0,0.0,0.0,0.0,2.0,-8.4,8,35,12390.973814,27828.0,0,E0_2009_2010_32
0.0,0.0,2.0,0.0,1.0,7.0,-6.0,2.0,1.0,0.0,0.0,1.0,0.0,1.0,6.0,-5.0,0.0,0.0,0.0,1.0,1.0,6.0,54.5,1.0,0.0,2.0,3.0,2.0,6.0,-4.0,3.0,1.0,1.0,0.0,0.0,3.0,2.0,0.0,2.0,3.0,1.0,0.0,0.0,2.0,0.0,39.1,-1.0,0.0,0.0,-3.0,-2.0,15.4,8,35,2100.34612846,40157.0,1,E0_2009_2010_34
1.0,0.0,1.0,3.0,3.0,3.0,0.0,2.0,1.0,0.0,0.0,1.0,0.0,0.0,2.0,-2.0,0.0,0.0,0.0,1.0,0.0,2.0,80.1,1.0,0.0,1.0,3.0,1.0,2.0,-1.0,2.0,1.0,1.0,0.0,0.0,3.0,1.0,0.0,1.0,3.0,1.0,0.0,0.0,1.0,0.0,48.5,0.0,0.0,0.0,0.0,1.0,31.6,8,35,4586.81371232,42785.0,1,E0_2009_2010_33
0.0,0.0,3.0,0.0,1.0,6.0,-5.0,3.0,1.0,0.0,0.0,1.0,0.0,0.0,1.0,-1.0,0.0,0.0,0.0,1.0,0.0,1.0,0.0,2.0,0.0,0.0,6.0,3.0,0.0,3.0,2.0,1.0,1.0,0.0,0.0,3.0,2.0,0.0,2.0,3.0,1.0,0.0,0.0,2.0,0.0,132.5,-2.0,0.0,3.0,-6.0,-8.0,-132.5,8,35,12631.2796165,20224.0,0,E0_2009_2010_35
0.0,0.0,0.0,0.0,0.0,0.0,0.0,0.0,0.0,0.0,0.0,0.0,0.0,0.0,0.0,0.0,0.0,0.0,0.0,0.0,0.0,0.0,82.8,0.0,0.0,0.0,0.0,0.0,0.0,0.0,0.0,0.0,0.0,0.0,0.0,0.0,0.0,0.0,0.0,0.0,0.0,0.0,0.0,0.0,0.0,55.9,0.0,0.0,0.0,0.0,0.0,26.9,8,32,3984.53286436,42785.0,1,E0_2010_2011_0
0.0,0.0,0.0,0.0,0.0,0.0,0.0,0.0,0.0,0.0,0.0,0.0,0.0,0.0,0.0,0.0,0.0,0.0,0.0,0.0,0.0,0.0,49.9,0.0,0.0,0.0,0.0,0.0,0.0,0.0,0.0,0.0,0.0,0.0,0.0,0.0,0.0,0.0,0.0,0.0,0.0,0.0,0.0,0.0,0.0,58.0,0.0,0.0,0.0,0.0,0.0,-8.1,8,32,3505.84645884,31154.0,1,E0_2010_2011_1
0.0,0.0,0.0,0.0,0.0,0.0,0.0,0.0,0.0,0.0,0.0,0.0,0.0,0.0,0.0,0.0,0.0,0.0,0.0,0.0,0.0,0.0,55.8,0.0,0.0,0.0,0.0,0.0,0.0,0.0,0.0,0.0,0.0,0.0,0.0,0.0,0.0,0.0,0.0,0.0,0.0,0.0,0.0,0.0,0.0,57.8,0.0,0.0,0.0,0.0,0.0,-2.0,8,32,9535.09328084,28100.0,0,E0_2010_2011_2
0.0,0.0,0.0,0.0,0.0,0.0,0.0,0.0,0.0,0.0,0.0,0.0,0.0,0.0,0.0,0.0,0.0,0.0,0.0,0.0,0.0,0.0,190.9,0.0,0.0,0.0,0.0,0.0,0.0,0.0,0.0,0.0,0.0,0.0,0.0,0.0,0.0,0.0,0.0,0.0,0.0,0.0,0.0,0.0,0.0,37.2,0.0,0.0,0.0,0.0,0.0,153.7,8,32,4340.28388665,42449.0,1,E0_2010_2011_3
0.0,0.0,0.0,0.0,0.0,0.0,0.0,0.0,0.0,0.0,0.0,0.0,0.0,0.0,0.0,0.0,0.0,0.0,0.0,0.0,0.0,0.0,60.8,0.0,0.0,0.0,0.0,0.0,0.0,0.0,0.0,0.0,0.0,0.0,0.0,0.0,0.0,0.0,0.0,0.0,0.0,0.0,0.0,0.0,0.0,38.0,0.0,0.0,0.0,0.0,0.0,22.8,8,32,15579.2581193,48707.0,0,E0_2010_2011_4
0.0,0.0,0.0,0.0,0.0,0.0,0.0,0.0,0.0,0.0,0.0,0.0,0.0,0.0,0.0,0.0,0.0,0.0,0.0,0.0,0.0,0.0,91.3,0.0,0.0,0.0,0.0,0.0,0.0,0.0,0.0,0.0,0.0,0.0,0.0,0.0,0.0,0.0,0.0,0.0,0.0,0.0,0.0,0.0,0.0,174.4,0.0,0.0,0.0,0.0,0.0,-83.1,8,32,9694.03196704,36230.0,0,E0_2010_2011_5
0.0,0.0,0.0,0.0,0.0,0.0,0.0,0.0,0.0,0.0,0.0,0.0,0.0,0.0,0.0,0.0,0.0,0.0,0.0,0.0,0.0,0.0,40.0,0.0,0.0,0.0,0.0,0.0,0.0,0.0,0.0,0.0,0.0,0.0,0.0,0.0,0.0,0.0,0.0,0.0,0.0,0.0,0.0,0.0,0.0,25.0,0.0,0.0,0.0,0.0,0.0,15.0,8,32,2914.58494575,25133.0,0,E0_2010_2011_6
0.0,0.0,0.0,0.0,0.0,0.0,0.0,0.0,0.0,0.0,0.0,0.0,0.0,0.0,0.0,0.0,0.0,0.0,0.0,0.0,0.0,0.0,37.8,0.0,0.0,0.0,0.0,0.0,0.0,0.0,0.0,0.0,0.0,0.0,0.0,0.0,0.0,0.0,0.0,0.0,0.0,0.0,0.0,0.0,0.0,46.9,0.0,0.0,0.0,0.0,0.0,-9.1,8,32,2546.52273106,27828.0,1,E0_2010_2011_7
0.0,0.0,0.0,0.0,0.0,0.0,0.0,0.0,0.0,0.0,0.0,0.0,0.0,0.0,0.0,0.0,0.0,0.0,0.0,0.0,0.0,0.0,134.3,0.0,0.0,0.0,0.0,0.0,0.0,0.0,0.0,0.0,0.0,0.0,0.0,0.0,0.0,0.0,0.0,0.0,0.0,0.0,0.0,0.0,0.0,122.9,0.0,0.0,0.0,0.0,0.0,11.4,8,32,8442.68742344,45276.0,0,E0_2010_2011_8
0.0,0.0,0.0,0.0,0.0,0.0,0.0,0.0,0.0,0.0,0.0,0.0,0.0,0.0,0.0,0.0,0.0,0.0,0.0,0.0,0.0,0.0,152.3,0.0,0.0,0.0,0.0,0.0,0.0,0.0,0.0,0.0,0.0,0.0,0.0,0.0,0.0,0.0,0.0,0.0,0.0,0.0,0.0,0.0,0.0,53.4,0.0,0.0,0.0,0.0,0.0,98.9,8,33,9639.3243147,75811.0,1,E0_2010_2011_9
0.0,0.0,1.0,0.0,0.0,4.0,-4.0,1.0,1.0,0.0,0.0,1.0,0.0,0.0,4.0,-4.0,0.0,0.0,0.0,1.0,0.0,4.0,40.0,1.0,0.0,0.0,3.0,6.0,0.0,6.0,1.0,0.0,0.0,0.0,0.0,0.0,0.0,0.0,0.0,0.0,0.0,0.0,0.0,0.0,0.0,190.9,-1.0,0.0,1.0,-3.0,-10.0,-150.9,8,33,9137.95661117,25133.0,0,E0_2010_2011_16
0.0,0.0,1.0,0.0,0.0,3.0,-3.0,1.0,0.0,0.0,0.0,0.0,0.0,0.0,0.0,0.0,0.0,0.0,0.0,0.0,0.0,0.0,55.9,0.0,1.0,0.0,1.0,0.0,0.0,0.0,1.0,0.0,0.0,0.0,0.0,0.0,0.0,0.0,0.0,0.0,0.0,0.0,0.0,0.0,0.0,55.8,0.0,-1.0,1.0,-1.0,-3.0,0.1,8,33,9469.46267156,35303.0,0,E0_2010_2011_15
0.0,0.0,1.0,0.0,0.0,6.0,-6.0,1.0,0.0,0.0,0.0,0.0,0.0,0.0,0.0,0.0,0.0,0.0,0.0,0.0,0.0,0.0,37.2,0.0,1.0,0.0,1.0,2.0,2.0,0.0,1.0,0.0,0.0,0.0,0.0,0.0,0.0,0.0,0.0,0.0,0.0,0.0,0.0,0.0,0.0,60.8,0.0,-1.0,1.0,-1.0,-6.0,-23.6,8,33,15384.5057463,27877.0,1,E0_2010_2011_14
0.0,1.0,0.0,1.0,1.0,1.0,0.0,1.0,0.0,0.0,0.0,0.0,0.0,0.0,0.0,0.0,0.0,0.0,0.0,0.0,0.0,0.0,122.9,1.0,0.0,0.0,3.0,4.0,0.0,4.0,1.0,1.0,1.0,0.0,0.0,3.0,4.0,0.0,4.0,3.0,1.0,0.0,0.0,4.0,0.0,25.0,-1.0,1.0,0.0,-2.0,-4.0,97.9,8,33,10782.3619642,60361.0,1,E0_2010_2011_10
0.0,0.0,1.0,0.0,0.0,1.0,-1.0,1.0,0.0,0.0,0.0,0.0,0.0,0.0,0.0,0.0,0.0,0.0,0.0,0.0,0.0,0.0,58.0,1.0,0.0,0.0,3.0,2.0,1.0,1.0,1.0,0.0,0.0,0.0,0.0,0.0,0.0,0.0,0.0,0.0,0.0,0.0,0.0,0.0,0.0,37.8,-1.0,0.0,1.0,-3.0,-2.0,20.2,8,33,7136.96900624,40157.0,0,E0_2010_2011_12
0.0,1.0,0.0,1.0,2.0,2.0,0.0,1.0,0.0,0.0,0.0,0.0,0.0,0.0,0.0,0.0,0.0,0.0,0.0,0.0,0.0,0.0,38.0,1.0,0.0,0.0,3.0,1.0,0.0,1.0,1.0,0.0,0.0,0.0,0.0,0.0,0.0,0.0,0.0,0.0,0.0,0.0,0.0,0.0,0.0,49.9,-1.0,1.0,0.0,-2.0,-1.0,-11.9,8,33,8680.01158883,30079.0,1,E0_2010_2011_11
0.0,0.0,1.0,0.0,1.0,2.0,-1.0,1.0,0.0,0.0,0.0,0.0,0.0,0.0,0.0,0.0,0.0,0.0,0.0,0.0,0.0,0.0,46.9,0.0,1.0,0.0,1.0,0.0,0.0,0.0,1.0,0.0,0.0,0.0,0.0,0.0,0.0,0.0,0.0,0.0,0.0,0.0,0.0,0.0,0.0,91.3,0.0,-1.0,1.0,-1.0,-1.0,-44.4,8,33,6643.21591347,27740.0,0,E0_2010_2011_13
0.0,1.0,0.0,1.0,0.0,0.0,0.0,1.0,0.0,0.0,0.0,0.0,0.0,0.0,0.0,0.0,0.0,0.0,0.0,0.0,0.0,0.0,57.8,1.0,0.0,0.0,3.0,3.0,0.0,3.0,1.0,0.0,0.0,0.0,0.0,0.0,0.0,0.0,0.0,0.0,0.0,0.0,0.0,0.0,0.0,152.3,-1.0,1.0,0.0,-2.0,-3.0,-94.5,8,33,9263.47301965,25700.0,0,E0_2010_2011_17
0.0,0.0,1.0,0.0,0.0,3.0,-3.0,1.0,0.0,0.0,0.0,0.0,0.0,0.0,0.0,0.0,0.0,0.0,0.0,0.0,0.0,0.0,53.4,1.0,0.0,0.0,3.0,3.0,0.0,3.0,1.0,0.0,0.0,0.0,0.0,0.0,0.0,0.0,0.0,0.0,0.0,0.0,0.0,0.0,0.0,82.8,-1.0,0.0,1.0,-3.0,-6.0,-29.4,8,33,15713.8703306,52409.0,1,E0_2010_2011_18
0.0,1.0,0.0,1.0,0.0,0.0,0.0,1.0,0.0,0.0,0.0,0.0,0.0,0.0,0.0,0.0,0.0,0.0,0.0,0.0,0.0,0.0,174.4,0.0,1.0,0.0,1.0,1.0,1.0,0.0,1.0,0.0,0.0,0.0,0.0,0.0,0.0,0.0,0.0,0.0,0.0,0.0,0.0,0.0,0.0,134.3,0.0,0.0,0.0,0.0,0.0,40.1,8,34,4849.897847,47405.0,1,E0_2010_2011_19
1.0,1.0,0.0,4.0,2.0,1.0,1.0,2.0,1.0,0.0,1.0,0.0,1.0,0.0,0.0,0.0,1.0,0.0,1.0,0.0,0.0,0.0,91.3,0.0,0.0,2.0,0.0,0.0,10.0,-10.0,2.0,0.0,0.0,0.0,0.0,0.0,0.0,0.0,0.0,0.0,0.0,0.0,0.0,0.0,0.0,40.0,1.0,1.0,-2.0,4.0,11.0,51.3,8,34,9637.93978574,36230.0,0,E0_2010_2011_24
1.0,1.0,0.0,4.0,3.0,2.0,1.0,2.0,1.0,1.0,0.0,0.0,3.0,2.0,1.0,1.0,3.0,1.0,0.0,0.0,2.0,1.0,37.8,1.0,0.0,1.0,3.0,6.0,3.0,3.0,2.0,1.0,0.0,0.0,1.0,0.0,0.0,3.0,-3.0,0.0,0.0,0.0,1.0,0.0,3.0,53.4,0.0,1.0,-1.0,1.0,-2.0,-15.6,8,34,15198.4690762,27828.0,0,E0_2010_2011_25
1.0,1.0,0.0,4.0,5.0,2.0,3.0,2.0,1.0,1.0,0.0,0.0,3.0,3.0,0.0,3.0,3.0,1.0,0.0,0.0,3.0,0.0,152.3,0.0,0.0,2.0,0.0,1.0,6.0,-5.0,2.0,1.0,0.0,0.0,1.0,0.0,0.0,3.0,-3.0,0.0,0.0,0.0,1.0,0.0,3.0,55.9,1.0,1.0,-2.0,4.0,8.0,96.4,8,34,9030.57865646,75811.0,1,E0_2010_2011_23
1.0,0.0,1.0,3.0,4.0,6.0,-2.0,2.0,0.0,0.0,0.0,0.0,0.0,0.0,0.0,0.0,0.0,0.0,0.0,0.0,0.0,0.0,25.0,0.0,2.0,0.0,2.0,2.0,2.0,0.0,2.0,1.0,0.0,1.0,0.0,1.0,0.0,0.0,0.0,1.0,0.0,1.0,0.0,0.0,0.0,57.8,1.0,-2.0,1.0,1.0,-2.0,-32.8,8,34,10341.636798,16220.0,0,E0_2010_2011_21
1.0,0.0,1.0,3.0,2.0,2.0,0.0,2.0,1.0,1.0,0.0,0.0,3.0,1.0,0.0,1.0,3.0,1.0,0.0,0.0,1.0,0.0,49.9,1.0,1.0,0.0,4.0,7.0,1.0,6.0,2.0,1.0,0.0,1.0,0.0,1.0,1.0,1.0,0.0,1.0,0.0,1.0,0.0,1.0,1.0,122.9,0.0,-1.0,1.0,-1.0,-6.0,-73.0,8,34,10728.3738802,31154.0,0,E0_2010_2011_20
2.0,0.0,0.0,6.0,12.0,0.0,12.0,2.0,1.0,1.0,0.0,0.0,3.0,6.0,0.0,6.0,3.0,1.0,0.0,0.0,6.0,0.0,190.9,0.0,0.0,2.0,0.0,2.0,4.0,-2.0,2.0,1.0,0.0,0.0,1.0,0.0,1.0,2.0,-1.0,0.0,0.0,0.0,1.0,1.0,2.0,46.9,2.0,0.0,-2.0,6.0,14.0,144.0,8,34,6606.59652001,42449.0,1,E0_2010_2011_22
1.0,0.0,1.0,3.0,3.0,6.0,-3.0,2.0,1.0,1.0,0.0,0.0,3.0,3.0,0.0,3.0,3.0,1.0,0.0,0.0,3.0,0.0,82.8,0.0,1.0,1.0,1.0,1.0,2.0,-1.0,2.0,1.0,0.0,0.0,1.0,0.0,0.0,1.0,-1.0,0.0,0.0,0.0,1.0,0.0,1.0,58.0,1.0,-1.0,0.0,2.0,-2.0,24.8,8,34,8280.21505001,42785.0,1,E0_2010_2011_26
1.0,1.0,0.0,4.0,3.0,1.0,2.0,2.0,1.0,0.0,1.0,0.0,1.0,0.0,0.0,0.0,1.0,0.0,1.0,0.0,0.0,0.0,55.8,1.0,1.0,0.0,4.0,4.0,3.0,1.0,2.0,1.0,0.0,1.0,0.0,1.0,2.0,2.0,0.0,1.0,0.0,1.0,0.0,2.0,2.0,38.0,0.0,0.0,0.0,0.0,1.0,17.8,8,34,7911.05452438,28100.0,0,E0_2010_2011_27
0.0,1.0,1.0,1.0,1.0,4.0,-3.0,2.0,1.0,0.0,1.0,0.0,1.0,1.0,1.0,0.0,1.0,0.0,1.0,0.0,1.0,1.0,134.3,1.0,0.0,1.0,3.0,1.0,6.0,-5.0,2.0,1.0,0.0,0.0,1.0,0.0,0.0,6.0,-6.0,0.0,0.0,0.0,1.0,0.0,6.0,37.2,-1.0,1.0,0.0,-2.0,2.0,97.1,8,34,7934.44751541,45276.0,1,E0_2010_2011_28
0.0,1.0,1.0,1.0,2.0,3.0,-1.0,2.0,1.0,0.0,1.0,0.0,1.0,2.0,2.0,0.0,1.0,0.0,1.0,0.0,2.0,2.0,60.8,1.0,1.0,0.0,4.0,3.0,0.0,3.0,2.0,1.0,0.0,1.0,0.0,1.0,0.0,0.0,0.0,1.0,0.0,1.0,0.0,0.0,0.0,174.4,-1.0,0.0,1.0,-3.0,-4.0,-113.6,8,34,9246.30716387,48707.0,1,E0_2010_2011_29
0.0,0.0,0.0,0.0,0.0,0.0,0.0,0.0,0.0,0.0,0.0,0.0,0.0,0.0,0.0,0.0,0.0,0.0,0.0,0.0,0.0,0.0,50.0,0.0,0.0,0.0,0.0,0.0,0.0,0.0,0.0,0.0,0.0,0.0,0.0,0.0,0.0,0.0,0.0,0.0,0.0,0.0,0.0,0.0,0.0,38.0,0.0,0.0,0.0,0.0,0.0,12.0,8,32,7539.78579623,31154.0,0,E0_2011_2012_0
0.0,0.0,0.0,0.0,0.0,0.0,0.0,0.0,0.0,0.0,0.0,0.0,0.0,0.0,0.0,0.0,0.0,0.0,0.0,0.0,0.0,0.0,62.0,0.0,0.0,0.0,0.0,0.0,0.0,0.0,0.0,0.0,0.0,0.0,0.0,0.0,0.0,0.0,0.0,0.0,0.0,0.0,0.0,0.0,0.0,70.0,0.0,0.0,0.0,0.0,0.0,-8.0,8,32,4586.81371232,25700.0,0,E0_2011_2012_1
0.0,0.0,0.0,0.0,0.0,0.0,0.0,0.0,0.0,0.0,0.0,0.0,0.0,0.0,0.0,0.0,0.0,0.0,0.0,0.0,0.0,0.0,119.0,0.0,0.0,0.0,0.0,0.0,0.0,0.0,0.0,0.0,0.0,0.0,0.0,0.0,0.0,0.0,0.0,0.0,0.0,0.0,0.0,0.0,0.0,64.0,0.0,0.0,0.0,0.0,0.0,55.0,8,32,9857.31593192,45276.0,0,E0_2011_2012_2
0.0,0.0,0.0,0.0,0.0,0.0,0.0,0.0,0.0,0.0,0.0,0.0,0.0,0.0,0.0,0.0,0.0,0.0,0.0,0.0,0.0,0.0,64.0,0.0,0.0,0.0,0.0,0.0,0.0,0.0,0.0,0.0,0.0,0.0,0.0,0.0,0.0,0.0,0.0,0.0,0.0,0.0,0.0,0.0,0.0,143.0,0.0,0.0,0.0,0.0,0.0,-79.0,8,32,18223.8520168,52409.0,0,E0_2011_2012_3
0.0,0.0,0.0,0.0,0.0,0.0,0.0,0.0,0.0,0.0,0.0,0.0,0.0,0.0,0.0,0.0,0.0,0.0,0.0,0.0,0.0,0.0,58.0,0.0,0.0,0.0,0.0,0.0,0.0,0.0,0.0,0.0,0.0,0.0,0.0,0.0,0.0,0.0,0.0,0.0,0.0,0.0,0.0,0.0,0.0,55.0,0.0,0.0,0.0,0.0,0.0,3.0,8,32,9700.3815496,18439.0,0,E0_2011_2012_4
0.0,0.0,0.0,0.0,0.0,0.0,0.0,0.0,0.0,0.0,0.0,0.0,0.0,0.0,0.0,0.0,0.0,0.0,0.0,0.0,0.0,0.0,38.0,0.0,0.0,0.0,0.0,0.0,0.0,0.0,0.0,0.0,0.0,0.0,0.0,0.0,0.0,0.0,0.0,0.0,0.0,0.0,0.0,0.0,0.0,37.0,0.0,0.0,0.0,0.0,0.0,1.0,8,32,13922.0096856,25133.0,0,E0_2011_2012_5
0.0,0.0,0.0,0.0,0.0,0.0,0.0,0.0,0.0,0.0,0.0,0.0,0.0,0.0,0.0,0.0,0.0,0.0,0.0,0.0,0.0,0.0,53.0,0.0,0.0,0.0,0.0,0.0,0.0,0.0,0.0,0.0,0.0,0.0,0.0,0.0,0.0,0.0,0.0,0.0,0.0,0.0,0.0,0.0,0.0,173.0,0.0,0.0,0.0,0.0,0.0,-120.0,8,32,6606.59652001,27740.0,0,E0_2011_2012_6
0.0,0.0,0.0,0.0,0.0,0.0,0.0,0.0,0.0,0.0,0.0,0.0,0.0,0.0,0.0,0.0,0.0,0.0,0.0,0.0,0.0,0.0,50.0,0.0,0.0,0.0,0.0,0.0,0.0,0.0,0.0,0.0,0.0,0.0,0.0,0.0,0.0,0.0,0.0,0.0,0.0,0.0,0.0,0.0,0.0,162.0,0.0,0.0,0.0,0.0,0.0,-112.0,8,32,6332.01438957,27877.0,0,E0_2011_2012_7
0.0,0.0,0.0,0.0,0.0,0.0,0.0,0.0,0.0,0.0,0.0,0.0,0.0,0.0,0.0,0.0,0.0,0.0,0.0,0.0,0.0,0.0,202.0,0.0,0.0,0.0,0.0,0.0,0.0,0.0,0.0,0.0,0.0,0.0,0.0,0.0,0.0,0.0,0.0,0.0,0.0,0.0,0.0,0.0,0.0,35.0,0.0,0.0,0.0,0.0,0.0,167.0,8,33,10281.6939073,47405.0,1,E0_2011_2012_8
0.0,0.0,1.0,0.0,0.0,4.0,-4.0,1.0,0.0,0.0,0.0,0.0,0.0,0.0,0.0,0.0,0.0,0.0,0.0,0.0,0.0,0.0,35.0,0.0,1.0,0.0,1.0,1.0,1.0,0.0,1.0,0.0,0.0,0.0,0.0,0.0,0.0,0.0,0.0,0.0,0.0,0.0,0.0,0.0,0.0,38.0,0.0,-1.0,1.0,-1.0,-4.0,-3.0,8,33,11239.2937608,20520.0,0,E0_2011_2012_14
0.0,1.0,0.0,1.0,1.0,1.0,0.0,1.0,0.0,0.0,0.0,0.0,0.0,0.0,0.0,0.0,0.0,0.0,0.0,0.0,0.0,0.0,64.0,0.0,1.0,0.0,1.0,0.0,0.0,0.0,1.0,0.0,0.0,0.0,0.0,0.0,0.0,0.0,0.0,0.0,0.0,0.0,0.0,0.0,0.0,64.0,0.0,0.0,0.0,0.0,0.0,0.0,8,33,390.039997426,48707.0,0,E0_2011_2012_13
0.0,0.0,0.0,0.0,0.0,0.0,0.0,0.0,0.0,0.0,0.0,0.0,0.0,0.0,0.0,0.0,0.0,0.0,0.0,0.0,0.0,0.0,63.0,0.0,0.0,1.0,0.0,0.0,4.0,-4.0,1.0,0.0,0.0,0.0,0.0,0.0,0.0,0.0,0.0,0.0,0.0,0.0,0.0,0.0,0.0,58.0,0.0,0.0,-1.0,0.0,4.0,5.0,8,33,8300.55344962,40157.0,0,E0_2011_2012_12
0.0,1.0,0.0,1.0,0.0,0.0,0.0,1.0,0.0,0.0,0.0,0.0,0.0,0.0,0.0,0.0,0.0,0.0,0.0,0.0,0.0,0.0,70.0,0.0,0.0,1.0,0.0,1.0,2.0,-1.0,1.0,0.0,0.0,0.0,0.0,0.0,0.0,0.0,0.0,0.0,0.0,0.0,0.0,0.0,0.0,50.0,0.0,1.0,-1.0,1.0,1.0,20.0,8,33,8467.37621358,42785.0,1,E0_2011_2012_10
0.0,1.0,0.0,1.0,0.0,0.0,0.0,1.0,0.0,0.0,0.0,0.0,0.0,0.0,0.0,0.0,0.0,0.0,0.0,0.0,0.0,0.0,143.0,0.0,1.0,0.0,1.0,1.0,1.0,0.0,1.0,0.0,0.0,0.0,0.0,0.0,0.0,0.0,0.0,0.0,0.0,0.0,0.0,0.0,0.0,119.0,0.0,0.0,0.0,0.0,0.0,24.0,8,33,8442.68742344,60361.0,0,E0_2011_2012_9
0.0,1.0,0.0,1.0,0.0,0.0,0.0,1.0,0.0,0.0,0.0,0.0,0.0,0.0,0.0,0.0,0.0,0.0,0.0,0.0,0.0,0.0,173.0,0.0,0.0,1.0,0.0,1.0,2.0,-1.0,1.0,0.0,0.0,0.0,0.0,0.0,0.0,0.0,0.0,0.0,0.0,0.0,0.0,0.0,0.0,50.0,0.0,1.0,-1.0,1.0,1.0,123.0,8,33,4340.28388665,42449.0,1,E0_2011_2012_11
1.0,0.0,0.0,3.0,4.0,0.0,4.0,1.0,0.0,0.0,0.0,0.0,0.0,0.0,0.0,0.0,0.0,0.0,0.0,0.0,0.0,0.0,55.0,1.0,0.0,0.0,3.0,4.0,0.0,4.0,1.0,0.0,0.0,0.0,0.0,0.0,0.0,0.0,0.0,0.0,0.0,0.0,0.0,0.0,0.0,202.0,0.0,0.0,0.0,0.0,0.0,-147.0,8,33,2207.66117511,28100.0,0,E0_2011_2012_15
0.0,1.0,0.0,1.0,1.0,1.0,0.0,1.0,0.0,0.0,0.0,0.0,0.0,0.0,0.0,0.0,0.0,0.0,0.0,0.0,0.0,0.0,37.0,0.0,1.0,0.0,1.0,0.0,0.0,0.0,1.0,0.0,0.0,0.0,0.0,0.0,0.0,0.0,0.0,0.0,0.0,0.0,0.0,0.0,0.0,53.0,0.0,0.0,0.0,0.0,0.0,-16.0,8,33,12091.8656031,27010.0,0,E0_2011_2012_16
1.0,0.0,0.0,3.0,2.0,1.0,1.0,1.0,0.0,0.0,0.0,0.0,0.0,0.0,0.0,0.0,0.0,0.0,0.0,0.0,0.0,0.0,38.0,0.0,1.0,0.0,1.0,0.0,0.0,0.0,1.0,0.0,0.0,0.0,0.0,0.0,0.0,0.0,0.0,0.0,0.0,0.0,0.0,0.0,0.0,62.0,1.0,-1.0,0.0,2.0,1.0,-24.0,8,33,4486.79652258,27828.0,1,E0_2011_2012_17
1.0,0.0,0.0,3.0,2.0,1.0,1.0,1.0,0.0,0.0,0.0,0.0,0.0,0.0,0.0,0.0,0.0,0.0,0.0,0.0,0.0,0.0,162.0,0.0,0.0,0.0,0.0,0.0,0.0,0.0,0.0,0.0,0.0,0.0,0.0,0.0,0.0,0.0,0.0,0.0,0.0,0.0,0.0,0.0,0.0,90.0,1.0,0.0,0.0,3.0,1.0,72.0,8,34,9459.49334874,75811.0,1,E0_2011_2012_18
0.0,1.0,1.0,1.0,0.0,4.0,-4.0,2.0,1.0,0.0,1.0,0.0,1.0,0.0,0.0,0.0,1.0,0.0,1.0,0.0,0.0,0.0,35.0,0.0,1.0,1.0,1.0,1.0,2.0,-1.0,2.0,1.0,0.0,1.0,0.0,1.0,1.0,1.0,0.0,1.0,0.0,1.0,0.0,1.0,1.0,64.0,0.0,0.0,0.0,0.0,-3.0,-29.0,8,34,18427.6143053,20520.0,0,E0_2011_2012_23
0.0,2.0,0.0,2.0,1.0,1.0,0.0,2.0,1.0,0.0,1.0,0.0,1.0,1.0,1.0,0.0,1.0,0.0,1.0,0.0,1.0,1.0,38.0,1.0,0.0,1.0,3.0,1.0,4.0,-3.0,2.0,1.0,1.0,0.0,0.0,3.0,1.0,0.0,1.0,3.0,1.0,0.0,0.0,1.0,0.0,58.0,-1.0,2.0,-1.0,-1.0,3.0,-20.0,8,34,9328.46184203,25133.0,1,E0_2011_2012_24
1.0,1.0,0.0,4.0,3.0,1.0,2.0,2.0,1.0,0.0,1.0,0.0,1.0,1.0,1.0,0.0,1.0,0.0,1.0,0.0,1.0,1.0,119.0,1.0,0.0,1.0,3.0,6.0,3.0,3.0,2.0,1.0,1.0,0.0,0.0,3.0,4.0,0.0,4.0,3.0,1.0,0.0,0.0,4.0,0.0,55.0,0.0,1.0,-1.0,1.0,-1.0,64.0,8,34,2857.39218926,45276.0,1,E0_2011_2012_22
1.0,1.0,0.0,4.0,3.0,1.0,2.0,2.0,1.0,1.0,0.0,0.0,3.0,3.0,1.0,2.0,3.0,1.0,0.0,0.0,3.0,1.0,70.0,2.0,0.0,0.0,6.0,4.0,1.0,3.0,2.0,1.0,1.0,0.0,0.0,3.0,2.0,1.0,1.0,3.0,1.0,0.0,0.0,2.0,1.0,38.0,-1.0,1.0,0.0,-2.0,-1.0,32.0,8,34,1144.28249609,42785.0,0,E0_2011_2012_19
0.0,0.0,2.0,0.0,2.0,5.0,-3.0,2.0,1.0,0.0,0.0,1.0,0.0,1.0,2.0,-1.0,0.0,0.0,0.0,1.0,1.0,2.0,50.0,0.0,0.0,1.0,0.0,0.0,1.0,-1.0,1.0,0.0,0.0,0.0,0.0,0.0,0.0,0.0,0.0,0.0,0.0,0.0,0.0,0.0,0.0,63.0,0.0,0.0,1.0,0.0,-2.0,-13.0,8,34,3505.84645884,31154.0,0,E0_2011_2012_20
1.0,1.0,0.0,4.0,2.0,1.0,1.0,2.0,1.0,1.0,0.0,0.0,3.0,2.0,1.0,1.0,3.0,1.0,0.0,0.0,2.0,1.0,173.0,0.0,2.0,0.0,2.0,2.0,2.0,0.0,2.0,1.0,0.0,1.0,0.0,1.0,1.0,1.0,0.0,1.0,0.0,1.0,0.0,1.0,1.0,37.0,1.0,-1.0,0.0,2.0,1.0,136.0,8,34,5538.16444787,42449.0,1,E0_2011_2012_21
2.0,0.0,0.0,6.0,5.0,1.0,4.0,2.0,1.0,1.0,0.0,0.0,3.0,3.0,0.0,3.0,3.0,1.0,0.0,0.0,3.0,0.0,162.0,0.0,1.0,1.0,1.0,0.0,2.0,-2.0,2.0,1.0,0.0,1.0,0.0,1.0,0.0,0.0,0.0,1.0,0.0,1.0,0.0,0.0,0.0,143.0,2.0,-1.0,-1.0,5.0,6.0,19.0,8,34,9334.36120511,75811.0,1,E0_2011_2012_25
1.0,1.0,0.0,4.0,1.0,0.0,1.0,2.0,1.0,0.0,1.0,0.0,1.0,0.0,0.0,0.0,1.0,0.0,1.0,0.0,0.0,0.0,64.0,0.0,1.0,1.0,1.0,0.0,2.0,-2.0,2.0,1.0,0.0,0.0,1.0,0.0,0.0,2.0,-2.0,0.0,0.0,0.0,1.0,0.0,2.0,62.0,1.0,0.0,-1.0,3.0,3.0,2.0,8,34,17715.8430195,52409.0,1,E0_2011_2012_26
0.0,0.0,1.0,0.0,0.0,3.0,-3.0,1.0,0.0,0.0,0.0,0.0,0.0,0.0,0.0,0.0,0.0,0.0,0.0,0.0,0.0,0.0,90.0,2.0,0.0,0.0,6.0,7.0,2.0,5.0,2.0,1.0,1.0,0.0,0.0,3.0,3.0,2.0,1.0,3.0,1.0,0.0,0.0,3.0,2.0,202.0,-2.0,0.0,1.0,-6.0,-8.0,-112.0,8,34,9694.03196704,36230.0,0,E0_2011_2012_27
0.0,0.0,2.0,0.0,2.0,4.0,-2.0,2.0,1.0,0.0,0.0,1.0,0.0,1.0,2.0,-1.0,0.0,0.0,0.0,1.0,1.0,2.0,50.0,0.0,2.0,0.0,2.0,1.0,1.0,0.0,2.0,1.0,0.0,1.0,0.0,1.0,1.0,1.0,0.0,1.0,0.0,1.0,0.0,1.0,1.0,53.0,0.0,-2.0,2.0,-2.0,-2.0,-3.0,8,34,3223.96675688,27877.0,0,E0_2011_2012_28
0.0,0.0,0.0,0.0,0.0,0.0,0.0,0.0,0.0,0.0,0.0,0.0,0.0,0.0,0.0,0.0,0.0,0.0,0.0,0.0,0.0,0.0,154.0,0.0,0.0,0.0,0.0,0.0,0.0,0.0,0.0,0.0,0.0,0.0,0.0,0.0,0.0,0.0,0.0,0.0,0.0,0.0,0.0,0.0,0.0,58.0,0.0,0.0,0.0,0.0,0.0,96.0,8,33,18296.133935,60361.0,0,E0_2012_2013_0
0.0,0.0,0.0,0.0,0.0,0.0,0.0,0.0,0.0,0.0,0.0,0.0,0.0,0.0,0.0,0.0,0.0,0.0,0.0,0.0,0.0,0.0,67.0,0.0,0.0,0.0,0.0,0.0,0.0,0.0,0.0,0.0,0.0,0.0,0.0,0.0,0.0,0.0,0.0,0.0,0.0,0.0,0.0,0.0,0.0,51.0,0.0,0.0,0.0,0.0,0.0,16.0,8,33,5490.77390823,25700.0,1,E0_2012_2013_1
0.0,0.0,0.0,0.0,0.0,0.0,0.0,0.0,0.0,0.0,0.0,0.0,0.0,0.0,0.0,0.0,0.0,0.0,0.0,0.0,0.0,0.0,62.0,0.0,0.0,0.0,0.0,0.0,0.0,0.0,0.0,0.0,0.0,0.0,0.0,0.0,0.0,0.0,0.0,0.0,0.0,0.0,0.0,0.0,0.0,96.0,0.0,0.0,0.0,0.0,0.0,-34.0,8,33,18531.1379392,52409.0,1,E0_2012_2013_2
0.0,0.0,0.0,0.0,0.0,0.0,0.0,0.0,0.0,0.0,0.0,0.0,0.0,0.0,0.0,0.0,0.0,0.0,0.0,0.0,0.0,0.0,78.0,0.0,0.0,0.0,0.0,0.0,0.0,0.0,0.0,0.0,0.0,0.0,0.0,0.0,0.0,0.0,0.0,0.0,0.0,0.0,0.0,0.0,0.0,49.0,0.0,0.0,0.0,0.0,0.0,29.0,8,33,3196.74849357,18439.0,0,E0_2012_2013_3
0.0,0.0,0.0,0.0,0.0,0.0,0.0,0.0,0.0,0.0,0.0,0.0,0.0,0.0,0.0,0.0,0.0,0.0,0.0,0.0,0.0,0.0,46.0,0.0,0.0,0.0,0.0,0.0,0.0,0.0,0.0,0.0,0.0,0.0,0.0,0.0,0.0,0.0,0.0,0.0,0.0,0.0,0.0,0.0,0.0,60.0,0.0,0.0,0.0,0.0,0.0,-14.0,8,33,8485.79823362,24224.0,0,E0_2012_2013_4
0.0,0.0,0.0,0.0,0.0,0.0,0.0,0.0,0.0,0.0,0.0,0.0,0.0,0.0,0.0,0.0,0.0,0.0,0.0,0.0,0.0,0.0,54.0,0.0,0.0,0.0,0.0,0.0,0.0,0.0,0.0,0.0,0.0,0.0,0.0,0.0,0.0,0.0,0.0,0.0,0.0,0.0,0.0,0.0,0.0,132.0,0.0,0.0,0.0,0.0,0.0,-78.0,8,33,7934.44751541,27877.0,1,E0_2012_2013_5
0.0,0.0,0.0,0.0,0.0,0.0,0.0,0.0,0.0,0.0,0.0,0.0,0.0,0.0,0.0,0.0,0.0,0.0,0.0,0.0,0.0,0.0,56.0,0.0,0.0,0.0,0.0,0.0,0.0,0.0,0.0,0.0,0.0,0.0,0.0,0.0,0.0,0.0,0.0,0.0,0.0,0.0,0.0,0.0,0.0,72.0,0.0,0.0,0.0,0.0,0.0,-16.0,8,33,3984.53286436,35303.0,1,E0_2012_2013_6
0.0,0.0,0.0,0.0,0.0,0.0,0.0,0.0,0.0,0.0,0.0,0.0,0.0,0.0,0.0,0.0,0.0,0.0,0.0,0.0,0.0,0.0,44.0,0.0,0.0,0.0,0.0,0.0,0.0,0.0,0.0,0.0,0.0,0.0,0.0,0.0,0.0,0.0,0.0,0.0,0.0,0.0,0.0,0.0,0.0,179.0,0.0,0.0,0.0,0.0,0.0,-135.0,8,33,9137.95661117,25133.0,0,E0_2012_2013_8
0.0,0.0,0.0,0.0,0.0,0.0,0.0,0.0,0.0,0.0,0.0,0.0,0.0,0.0,0.0,0.0,0.0,0.0,0.0,0.0,0.0,0.0,233.0,0.0,0.0,0.0,0.0,0.0,0.0,0.0,0.0,0.0,0.0,0.0,0.0,0.0,0.0,0.0,0.0,0.0,0.0,0.0,0.0,0.0,0.0,47.0,0.0,0.0,0.0,0.0,0.0,186.0,8,33,14084.1803618,47405.0,1,E0_2012_2013_7
0.0,0.0,0.0,0.0,0.0,0.0,0.0,0.0,0.0,0.0,0.0,0.0,0.0,0.0,0.0,0.0,0.0,0.0,0.0,0.0,0.0,0.0,63.0,0.0,0.0,0.0,0.0,0.0,0.0,0.0,0.0,0.0,0.0,0.0,0.0,0.0,0.0,0.0,0.0,0.0,0.0,0.0,0.0,0.0,0.0,181.0,0.0,0.0,0.0,0.0,0.0,-118.0,8,34,4298.76991565,40157.0,1,E0_2012_2013_9
1.0,0.0,0.0,3.0,2.0,0.0,2.0,1.0,0.0,0.0,0.0,0.0,0.0,0.0,0.0,0.0,0.0,0.0,0.0,0.0,0.0,0.0,179.0,0.0,1.0,0.0,1.0,1.0,1.0,0.0,1.0,0.0,0.0,0.0,0.0,0.0,0.0,0.0,0.0,0.0,0.0,0.0,0.0,0.0,0.0,46.0,1.0,-1.0,0.0,2.0,2.0,133.0,8,34,1881.77448756,42449.0,1,E0_2012_2013_10
0.0,0.0,1.0,0.0,0.0,1.0,-1.0,1.0,0.0,0.0,0.0,0.0,0.0,0.0,0.0,0.0,0.0,0.0,0.0,0.0,0.0,0.0,72.0,1.0,0.0,0.0,3.0,1.0,0.0,1.0,1.0,0.0,0.0,0.0,0.0,0.0,0.0,0.0,0.0,0.0,0.0,0.0,0.0,0.0,0.0,63.0,-1.0,0.0,1.0,-3.0,-2.0,9.0,8,34,8280.21505001,42785.0,0,E0_2012_2013_11
2.0,0.0,0.0,6.0,6.0,2.0,4.0,2.0,1.0,1.0,0.0,0.0,3.0,4.0,2.0,2.0,3.0,1.0,0.0,0.0,4.0,2.0,179.0,1.0,0.0,0.0,3.0,2.0,1.0,1.0,1.0,0.0,0.0,0.0,0.0,0.0,0.0,0.0,0.0,0.0,0.0,0.0,0.0,0.0,0.0,62.0,1.0,0.0,0.0,3.0,3.0,117.0,8,34,17757.8718566,42449.0,1,E0_2012_2013_12
0.0,0.0,1.0,0.0,0.0,1.0,-1.0,1.0,0.0,0.0,0.0,0.0,0.0,0.0,0.0,0.0,0.0,0.0,0.0,0.0,0.0,0.0,181.0,1.0,0.0,0.0,3.0,5.0,0.0,5.0,1.0,0.0,0.0,0.0,0.0,0.0,0.0,0.0,0.0,0.0,0.0,0.0,0.0,0.0,0.0,67.0,-1.0,0.0,1.0,-3.0,-6.0,114.0,8,34,9263.47301965,75811.0,1,E0_2012_2013_13
0.0,0.0,1.0,0.0,0.0,5.0,-5.0,1.0,0.0,0.0,0.0,0.0,0.0,0.0,0.0,0.0,0.0,0.0,0.0,0.0,0.0,0.0,51.0,0.0,0.0,1.0,0.0,0.0,5.0,-5.0,1.0,0.0,0.0,0.0,0.0,0.0,0.0,0.0,0.0,0.0,0.0,0.0,0.0,0.0,0.0,78.0,0.0,0.0,0.0,0.0,0.0,-27.0,8,34,5393.8927564,27010.0,0,E0_2012_2013_14
0.0,0.0,1.0,0.0,2.0,3.0,-1.0,1.0,0.0,0.0,0.0,0.0,0.0,0.0,0.0,0.0,0.0,0.0,0.0,0.0,0.0,0.0,47.0,0.0,0.0,1.0,0.0,0.0,2.0,-2.0,1.0,0.0,0.0,0.0,0.0,0.0,0.0,0.0,0.0,0.0,0.0,0.0,0.0,0.0,0.0,44.0,0.0,0.0,0.0,0.0,1.0,3.0,8,34,12113.0217281,32689.0,0,E0_2012_2013_15
1.0,0.0,0.0,3.0,5.0,0.0,5.0,1.0,0.0,0.0,0.0,0.0,0.0,0.0,0.0,0.0,0.0,0.0,0.0,0.0,0.0,0.0,49.0,1.0,0.0,0.0,3.0,1.0,0.0,1.0,1.0,0.0,0.0,0.0,0.0,0.0,0.0,0.0,0.0,0.0,0.0,0.0,0.0,0.0,0.0,56.0,0.0,0.0,0.0,0.0,4.0,-7.0,8,34,2913.31294396,20520.0,1,E0_2012_2013_16
0.0,0.0,1.0,0.0,1.0,2.0,-1.0,1.0,0.0,0.0,0.0,0.0,0.0,0.0,0.0,0.0,0.0,0.0,0.0,0.0,0.0,0.0,96.0,1.0,0.0,0.0,3.0,3.0,0.0,3.0,1.0,0.0,0.0,0.0,0.0,0.0,0.0,0.0,0.0,0.0,0.0,0.0,0.0,0.0,0.0,54.0,-1.0,0.0,1.0,-3.0,-4.0,42.0,8,34,4023.2007459,36230.0,0,E0_2012_2013_17
0.0,1.0,0.0,1.0,1.0,1.0,0.0,1.0,0.0,0.0,0.0,0.0,0.0,0.0,0.0,0.0,0.0,0.0,0.0,0.0,0.0,0.0,60.0,0.0,1.0,0.0,1.0,0.0,0.0,0.0,1.0,0.0,0.0,0.0,0.0,0.0,0.0,0.0,0.0,0.0,0.0,0.0,0.0,0.0,0.0,154.0,0.0,0.0,0.0,0.0,0.0,-94.0,8,34,6587.82405554,27740.0,0,E0_2012_2013_19
0.0,0.0,1.0,0.0,0.0,3.0,-3.0,1.0,0.0,0.0,0.0,0.0,0.0,0.0,0.0,0.0,0.0,0.0,0.0,0.0,0.0,0.0,132.0,1.0,0.0,0.0,3.0,3.0,2.0,1.0,1.0,0.0,0.0,0.0,0.0,0.0,0.0,0.0,0.0,0.0,0.0,0.0,0.0,0.0,0.0,233.0,-1.0,0.0,1.0,-3.0,-4.0,-101.0,8,34,4849.897847,45276.0,0,E0_2012_2013_18
0.0,0.0,0.0,0.0,0.0,0.0,0.0,0.0,0.0,0.0,0.0,0.0,0.0,0.0,0.0,0.0,0.0,0.0,0.0,0.0,0.0,0.0,65.0,0.0,0.0,0.0,0.0,0.0,0.0,0.0,0.0,0.0,0.0,0.0,0.0,0.0,0.0,0.0,0.0,0.0,0.0,0.0,0.0,0.0,0.0,63.0,0.0,0.0,0.0,0.0,0.0,2.0,8,33,9706.51252218,27877.0,0,E0_2013_2014_5
0.0,0.0,0.0,0.0,0.0,0.0,0.0,0.0,0.0,0.0,0.0,0.0,0.0,0.0,0.0,0.0,0.0,0.0,0.0,0.0,0.0,0.0,63.0,0.0,0.0,0.0,0.0,0.0,0.0,0.0,0.0,0.0,0.0,0.0,0.0,0.0,0.0,0.0,0.0,0.0,0.0,0.0,0.0,0.0,0.0,215.0,0.0,0.0,0.0,0.0,0.0,-152.0,8,33,10268.018801,20520.0,0,E0_2013_2014_4
0.0,0.0,0.0,0.0,0.0,0.0,0.0,0.0,0.0,0.0,0.0,0.0,0.0,0.0,0.0,0.0,0.0,0.0,0.0,0.0,0.0,0.0,70.0,0.0,0.0,0.0,0.0,0.0,0.0,0.0,0.0,0.0,0.0,0.0,0.0,0.0,0.0,0.0,0.0,0.0,0.0,0.0,0.0,0.0,0.0,69.0,0.0,0.0,0.0,0.0,0.0,1.0,8,33,17841.8145443,48707.0,0,E0_2013_2014_3
0.0,0.0,0.0,0.0,0.0,0.0,0.0,0.0,0.0,0.0,0.0,0.0,0.0,0.0,0.0,0.0,0.0,0.0,0.0,0.0,0.0,0.0,64.0,0.0,0.0,0.0,0.0,0.0,0.0,0.0,0.0,0.0,0.0,0.0,0.0,0.0,0.0,0.0,0.0,0.0,0.0,0.0,0.0,0.0,0.0,53.0,0.0,0.0,0.0,0.0,0.0,11.0,8,33,4249.20176226,35303.0,1,E0_2013_2014_6
0.0,0.0,0.0,0.0,0.0,0.0,0.0,0.0,0.0,0.0,0.0,0.0,0.0,0.0,0.0,0.0,0.0,0.0,0.0,0.0,0.0,0.0,144.0,0.0,0.0,0.0,0.0,0.0,0.0,0.0,0.0,0.0,0.0,0.0,0.0,0.0,0.0,0.0,0.0,0.0,0.0,0.0,0.0,0.0,0.0,61.0,0.0,0.0,0.0,0.0,0.0,83.0,8,33,5613.8484919,45276.0,1,E0_2013_2014_1
0.0,0.0,0.0,0.0,0.0,0.0,0.0,0.0,0.0,0.0,0.0,0.0,0.0,0.0,0.0,0.0,0.0,0.0,0.0,0.0,0.0,0.0,166.0,0.0,0.0,0.0,0.0,0.0,0.0,0.0,0.0,0.0,0.0,0.0,0.0,0.0,0.0,0.0,0.0,0.0,0.0,0.0,0.0,0.0,0.0,69.0,0.0,0.0,0.0,0.0,0.0,97.0,8,33,4240.36194608,60361.0,0,E0_2013_2014_0
0.0,0.0,0.0,0.0,0.0,0.0,0.0,0.0,0.0,0.0,0.0,0.0,0.0,0.0,0.0,0.0,0.0,0.0,0.0,0.0,0.0,0.0,54.0,0.0,0.0,0.0,0.0,0.0,0.0,0.0,0.0,0.0,0.0,0.0,0.0,0.0,0.0,0.0,0.0,0.0,0.0,0.0,0.0,0.0,0.0,69.0,0.0,0.0,0.0,0.0,0.0,-15.0,8,33,12095.8946305,27010.0,0,E0_2013_2014_2
0.0,0.0,0.0,0.0,0.0,0.0,0.0,0.0,0.0,0.0,0.0,0.0,0.0,0.0,0.0,0.0,0.0,0.0,0.0,0.0,0.0,0.0,192.0,0.0,0.0,0.0,0.0,0.0,0.0,0.0,0.0,0.0,0.0,0.0,0.0,0.0,0.0,0.0,0.0,0.0,0.0,0.0,0.0,0.0,0.0,43.0,0.0,0.0,0.0,0.0,0.0,149.0,8,33,14384.6565939,42449.0,1,E0_2013_2014_7
0.0,0.0,0.0,0.0,0.0,0.0,0.0,0.0,0.0,0.0,0.0,0.0,0.0,0.0,0.0,0.0,0.0,0.0,0.0,0.0,0.0,0.0,90.0,0.0,0.0,0.0,0.0,0.0,0.0,0.0,0.0,0.0,0.0,0.0,0.0,0.0,0.0,0.0,0.0,0.0,0.0,0.0,0.0,0.0,0.0,100.0,0.0,0.0,0.0,0.0,0.0,-10.0,8,33,1306.65076077,26309.0,0,E0_2013_2014_8
0.0,0.0,0.0,0.0,0.0,0.0,0.0,0.0,0.0,0.0,0.0,0.0,0.0,0.0,0.0,0.0,0.0,0.0,0.0,0.0,0.0,0.0,205.0,0.0,0.0,0.0,0.0,0.0,0.0,0.0,0.0,0.0,0.0,0.0,0.0,0.0,0.0,0.0,0.0,0.0,0.0,0.0,0.0,0.0,0.0,78.0,0.0,0.0,0.0,0.0,0.0,127.0,8,34,9511.54609112,47405.0,1,E0_2013_2014_9
1.0,0.0,0.0,3.0,2.0,0.0,2.0,1.0,1.0,1.0,0.0,0.0,3.0,2.0,0.0,2.0,3.0,1.0,0.0,0.0,2.0,0.0,192.0,1.0,0.0,0.0,3.0,3.0,1.0,2.0,1.0,1.0,1.0,0.0,0.0,3.0,3.0,1.0,2.0,3.0,1.0,0.0,0.0,3.0,1.0,69.0,0.0,0.0,0.0,0.0,0.0,123.0,8,34,4508.55538178,42449.0,1,E0_2013_2014_10
0.0,0.0,1.0,0.0,0.0,1.0,-1.0,1.0,0.0,0.0,0.0,0.0,0.0,0.0,0.0,0.0,0.0,0.0,0.0,0.0,0.0,0.0,61.0,0.0,0.0,1.0,0.0,0.0,1.0,-1.0,1.0,0.0,0.0,0.0,0.0,0.0,0.0,0.0,0.0,0.0,0.0,0.0,0.0,0.0,0.0,90.0,0.0,0.0,0.0,0.0,0.0,-29.0,8,34,6217.01259884,27740.0,1,E0_2013_2014_17
1.0,0.0,1.0,3.0,4.0,3.0,1.0,2.0,0.0,0.0,0.0,0.0,0.0,0.0,0.0,0.0,0.0,0.0,0.0,0.0,0.0,0.0,69.0,1.0,0.0,0.0,3.0,1.0,0.0,1.0,1.0,0.0,0.0,0.0,0.0,0.0,0.0,0.0,0.0,0.0,0.0,0.0,0.0,0.0,0.0,144.0,0.0,0.0,1.0,0.0,0.0,-75.0,8,34,8217.78456225,42785.0,0,E0_2013_2014_11
0.0,1.0,0.0,1.0,2.0,2.0,0.0,1.0,0.0,0.0,0.0,0.0,0.0,0.0,0.0,0.0,0.0,0.0,0.0,0.0,0.0,0.0,69.0,0.0,0.0,1.0,0.0,0.0,1.0,-1.0,1.0,0.0,0.0,0.0,0.0,0.0,0.0,0.0,0.0,0.0,0.0,0.0,0.0,0.0,0.0,65.0,0.0,1.0,-1.0,1.0,1.0,4.0,8,34,7996.86869118,40157.0,0,E0_2013_2014_12
1.0,0.0,0.0,3.0,1.0,0.0,1.0,1.0,0.0,0.0,0.0,0.0,0.0,0.0,0.0,0.0,0.0,0.0,0.0,0.0,0.0,0.0,69.0,0.0,0.0,1.0,0.0,1.0,3.0,-2.0,1.0,0.0,0.0,0.0,0.0,0.0,0.0,0.0,0.0,0.0,0.0,0.0,0.0,0.0,0.0,166.0,1.0,0.0,-1.0,3.0,3.0,-97.0,8,34,557.389452287,25700.0,0,E0_2013_2014_13
0.0,0.0,1.0,0.0,0.0,2.0,-2.0,1.0,0.0,0.0,0.0,0.0,0.0,0.0,0.0,0.0,0.0,0.0,0.0,0.0,0.0,0.0,43.0,0.0,1.0,0.0,1.0,2.0,2.0,0.0,1.0,0.0,0.0,0.0,0.0,0.0,0.0,0.0,0.0,0.0,0.0,0.0,0.0,0.0,0.0,54.0,0.0,-1.0,1.0,-1.0,-2.0,-11.0,8,34,11984.8765713,25404.0,1,E0_2013_2014_14
0.0,0.0,1.0,0.0,0.0,4.0,-4.0,1.0,0.0,0.0,0.0,0.0,0.0,0.0,0.0,0.0,0.0,0.0,0.0,0.0,0.0,0.0,78.0,1.0,0.0,0.0,3.0,2.0,0.0,2.0,1.0,0.0,0.0,0.0,0.0,0.0,0.0,0.0,0.0,0.0,0.0,0.0,0.0,0.0,0.0,64.0,-1.0,0.0,1.0,-3.0,-6.0,14.0,8,34,18074.7855119,52409.0,0,E0_2013_2014_15
1.0,0.0,0.0,3.0,1.0,0.0,1.0,1.0,0.0,0.0,0.0,0.0,0.0,0.0,0.0,0.0,0.0,0.0,0.0,0.0,0.0,0.0,63.0,0.0,0.0,1.0,0.0,0.0,1.0,-1.0,1.0,0.0,0.0,0.0,0.0,0.0,0.0,0.0,0.0,0.0,0.0,0.0,0.0,0.0,0.0,70.0,1.0,0.0,-1.0,3.0,2.0,-7.0,8,34,14491.5914341,32689.0,0,E0_2013_2014_16
1.0,0.0,0.0,3.0,1.0,0.0,1.0,1.0,0.0,0.0,0.0,0.0,0.0,0.0,0.0,0.0,0.0,0.0,0.0,0.0,0.0,0.0,100.0,0.0,0.0,1.0,0.0,1.0,4.0,-3.0,1.0,0.0,0.0,0.0,0.0,0.0,0.0,0.0,0.0,0.0,0.0,0.0,0.0,0.0,0.0,63.0,1.0,0.0,-1.0,3.0,4.0,37.0,8,34,2541.56386214,36230.0,1,E0_2013_2014_19
0.0,0.0,1.0,0.0,0.0,2.0,-2.0,1.0,0.0,0.0,0.0,0.0,0.0,0.0,0.0,0.0,0.0,0.0,0.0,0.0,0.0,0.0,53.0,1.0,0.0,0.0,3.0,4.0,0.0,4.0,1.0,0.0,0.0,0.0,0.0,0.0,0.0,0.0,0.0,0.0,0.0,0.0,0.0,0.0,0.0,205.0,-1.0,0.0,1.0,-3.0,-6.0,-152.0,8,34,11693.8859105,26828.0,1,E0_2013_2014_18
1.0,0.0,0.0,3.0,4.0,1.0,3.0,1.0,0.0,0.0,0.0,0.0,0.0,0.0,0.0,0.0,0.0,0.0,0.0,0.0,0.0,0.0,215.0,2.0,0.0,0.0,6.0,4.0,1.0,3.0,2.0,0.0,0.0,0.0,0.0,0.0,0.0,0.0,0.0,0.0,0.0,0.0,0.0,0.0,0.0,192.0,-1.0,0.0,0.0,-3.0,0.0,23.0,8,35,9224.27030883,75811.0,0,E0_2013_2014_20
1.0,0.0,1.0,3.0,3.0,4.0,-1.0,2.0,1.0,1.0,0.0,0.0,3.0,3.0,2.0,1.0,3.0,1.0,0.0,0.0,3.0,2.0,53.0,0.0,2.0,0.0,2.0,2.0,2.0,0.0,2.0,1.0,0.0,1.0,0.0,1.0,2.0,2.0,0.0,1.0,0.0,1.0,0.0,2.0,2.0,69.0,1.0,-2.0,1.0,1.0,-1.0,-16.0,8,35,12457.8593497,26828.0,0,E0_2013_2014_21
0.0,0.0,2.0,0.0,1.0,3.0,-2.0,2.0,1.0,0.0,0.0,1.0,0.0,0.0,1.0,-1.0,0.0,0.0,0.0,1.0,0.0,1.0,90.0,0.0,1.0,1.0,1.0,1.0,2.0,-1.0,2.0,1.0,0.0,1.0,0.0,1.0,1.0,1.0,0.0,1.0,0.0,1.0,0.0,1.0,1.0,70.0,0.0,-1.0,1.0,-1.0,-1.0,20.0,8,35,17305.7012599,26309.0,1,E0_2013_2014_22
1.0,0.0,1.0,3.0,6.0,3.0,3.0,2.0,1.0,1.0,0.0,0.0,3.0,4.0,0.0,4.0,3.0,1.0,0.0,0.0,4.0,0.0,205.0,1.0,0.0,1.0,3.0,1.0,2.0,-1.0,2.0,1.0,0.0,0.0,1.0,0.0,0.0,2.0,-2.0,0.0,0.0,0.0,1.0,0.0,2.0,43.0,0.0,0.0,0.0,0.0,4.0,162.0,8,35,11408.2238748,47405.0,1,E0_2013_2014_23
0.0,1.0,1.0,1.0,0.0,4.0,-4.0,2.0,1.0,0.0,1.0,0.0,1.0,0.0,0.0,0.0,1.0,0.0,1.0,0.0,0.0,0.0,78.0,1.0,0.0,1.0,3.0,2.0,3.0,-1.0,2.0,1.0,1.0,0.0,0.0,3.0,1.0,0.0,1.0,3.0,1.0,0.0,0.0,1.0,0.0,69.0,-1.0,1.0,0.0,-2.0,-3.0,9.0,8,35,17715.8430195,52409.0,1,E0_2013_2014_24
0.0,1.0,1.0,1.0,2.0,3.0,-1.0,2.0,1.0,0.0,1.0,0.0,1.0,2.0,2.0,0.0,1.0,0.0,1.0,0.0,2.0,2.0,54.0,1.0,1.0,0.0,4.0,2.0,1.0,1.0,2.0,1.0,1.0,0.0,0.0,3.0,1.0,0.0,1.0,3.0,1.0,0.0,0.0,1.0,0.0,63.0,-1.0,0.0,1.0,-3.0,-2.0,-9.0,8,35,2308.11811453,27010.0,1,E0_2013_2014_25
1.0,1.0,0.0,4.0,2.0,0.0,2.0,2.0,1.0,1.0,0.0,0.0,3.0,2.0,0.0,2.0,3.0,1.0,0.0,0.0,2.0,0.0,64.0,1.0,0.0,1.0,3.0,2.0,2.0,0.0,2.0,1.0,0.0,0.0,1.0,0.0,0.0,1.0,-1.0,0.0,0.0,0.0,1.0,0.0,1.0,61.0,0.0,1.0,-1.0,1.0,2.0,3.0,8,35,6279.42435295,35303.0,0,E0_2013_2014_26
0.0,0.0,0.0,0.0,0.0,0.0,0.0,0.0,0.0,0.0,0.0,0.0,0.0,0.0,0.0,0.0,0.0,0.0,0.0,0.0,0.0,0.0,192.0,0.0,0.0,0.0,0.0,0.0,0.0,0.0,0.0,0.0,0.0,0.0,0.0,0.0,0.0,0.0,0.0,0.0,0.0,0.0,0.0,0.0,0.0,68.0,0.0,0.0,0.0,0.0,0.0,124.0,8,33,999.402062318,60361.0,1,E0_2014_2015_0
0.0,0.0,0.0,0.0,0.0,0.0,0.0,0.0,0.0,0.0,0.0,0.0,0.0,0.0,0.0,0.0,0.0,0.0,0.0,0.0,0.0,0.0,57.0,0.0,0.0,0.0,0.0,0.0,0.0,0.0,0.0,0.0,0.0,0.0,0.0,0.0,0.0,0.0,0.0,0.0,0.0,0.0,0.0,0.0,0.0,78.0,0.0,0.0,0.0,0.0,0.0,-21.0,8,33,11286.7218227,32500.0,0,E0_2014_2015_1
0.0,0.0,0.0,0.0,0.0,0.0,0.0,0.0,0.0,0.0,0.0,0.0,0.0,0.0,0.0,0.0,0.0,0.0,0.0,0.0,0.0,0.0,203.0,0.0,0.0,0.0,0.0,0.0,0.0,0.0,0.0,0.0,0.0,0.0,0.0,0.0,0.0,0.0,0.0,0.0,0.0,0.0,0.0,0.0,0.0,83.0,0.0,0.0,0.0,0.0,0.0,120.0,8,33,10268.018801,75811.0,0,E0_2014_2015_2
0.0,0.0,0.0,0.0,0.0,0.0,0.0,0.0,0.0,0.0,0.0,0.0,0.0,0.0,0.0,0.0,0.0,0.0,0.0,0.0,0.0,0.0,73.0,0.0,0.0,0.0,0.0,0.0,0.0,0.0,0.0,0.0,0.0,0.0,0.0,0.0,0.0,0.0,0.0,0.0,0.0,0.0,0.0,0.0,0.0,56.0,0.0,0.0,0.0,0.0,0.0,17.0,8,33,14229.0754812,18439.0,0,E0_2014_2015_3
0.0,0.0,0.0,0.0,0.0,0.0,0.0,0.0,0.0,0.0,0.0,0.0,0.0,0.0,0.0,0.0,0.0,0.0,0.0,0.0,0.0,0.0,67.0,0.0,0.0,0.0,0.0,0.0,0.0,0.0,0.0,0.0,0.0,0.0,0.0,0.0,0.0,0.0,0.0,0.0,0.0,0.0,0.0,0.0,0.0,84.0,0.0,0.0,0.0,0.0,0.0,-17.0,8,33,3368.29326973,27740.0,0,E0_2014_2015_4
0.0,0.0,0.0,0.0,0.0,0.0,0.0,0.0,0.0,0.0,0.0,0.0,0.0,0.0,0.0,0.0,0.0,0.0,0.0,0.0,0.0,0.0,70.0,0.0,0.0,0.0,0.0,0.0,0.0,0.0,0.0,0.0,0.0,0.0,0.0,0.0,0.0,0.0,0.0,0.0,0.0,0.0,0.0,0.0,0.0,77.0,0.0,0.0,0.0,0.0,0.0,-7.0,8,33,15384.5057463,27877.0,0,E0_2014_2015_5
0.0,0.0,0.0,0.0,0.0,0.0,0.0,0.0,0.0,0.0,0.0,0.0,0.0,0.0,0.0,0.0,0.0,0.0,0.0,0.0,0.0,0.0,73.0,0.0,0.0,0.0,0.0,0.0,0.0,0.0,0.0,0.0,0.0,0.0,0.0,0.0,0.0,0.0,0.0,0.0,0.0,0.0,0.0,0.0,0.0,101.0,0.0,0.0,0.0,0.0,0.0,-28.0,8,33,487.831457697,35303.0,0,E0_2014_2015_6
0.0,0.0,0.0,0.0,0.0,0.0,0.0,0.0,0.0,0.0,0.0,0.0,0.0,0.0,0.0,0.0,0.0,0.0,0.0,0.0,0.0,0.0,65.0,0.0,0.0,0.0,0.0,0.0,0.0,0.0,0.0,0.0,0.0,0.0,0.0,0.0,0.0,0.0,0.0,0.0,0.0,0.0,0.0,0.0,0.0,194.0,0.0,0.0,0.0,0.0,0.0,-129.0,8,33,9511.54609112,52409.0,0,E0_2014_2015_8
0.0,0.0,0.0,0.0,0.0,0.0,0.0,0.0,0.0,0.0,0.0,0.0,0.0,0.0,0.0,0.0,0.0,0.0,0.0,0.0,0.0,0.0,166.0,0.0,0.0,0.0,0.0,0.0,0.0,0.0,0.0,0.0,0.0,0.0,0.0,0.0,0.0,0.0,0.0,0.0,0.0,0.0,0.0,0.0,0.0,80.0,0.0,0.0,0.0,0.0,0.0,86.0,8,33,10103.4327203,45276.0,1,E0_2014_2015_7
0.0,0.0,0.0,0.0,0.0,0.0,0.0,0.0,0.0,0.0,0.0,0.0,0.0,0.0,0.0,0.0,0.0,0.0,0.0,0.0,0.0,0.0,29.0,0.0,0.0,0.0,0.0,0.0,0.0,0.0,0.0,0.0,0.0,0.0,0.0,0.0,0.0,0.0,0.0,0.0,0.0,0.0,0.0,0.0,0.0,217.0,0.0,0.0,0.0,0.0,0.0,-188.0,8,34,11317.831407,22546.0,0,E0_2014_2015_9
1.0,0.0,0.0,3.0,1.0,0.0,1.0,1.0,0.0,0.0,0.0,0.0,0.0,0.0,0.0,0.0,0.0,0.0,0.0,0.0,0.0,0.0,84.0,0.0,0.0,1.0,0.0,0.0,2.0,-2.0,1.0,0.0,0.0,0.0,0.0,0.0,0.0,0.0,0.0,0.0,0.0,0.0,0.0,0.0,0.0,65.0,1.0,0.0,-1.0,3.0,3.0,19.0,8,34,15713.8703306,42785.0,0,E0_2014_2015_10
1.0,0.0,0.0,3.0,3.0,1.0,2.0,1.0,0.0,0.0,0.0,0.0,0.0,0.0,0.0,0.0,0.0,0.0,0.0,0.0,0.0,0.0,217.0,0.0,1.0,0.0,1.0,2.0,2.0,0.0,1.0,0.0,0.0,0.0,0.0,0.0,0.0,0.0,0.0,0.0,0.0,0.0,0.0,0.0,0.0,57.0,1.0,-1.0,0.0,2.0,2.0,160.0,8,34,6511.30316092,42449.0,1,E0_2014_2015_11
0.0,0.0,1.0,0.0,1.0,2.0,-1.0,1.0,0.0,0.0,0.0,0.0,0.0,0.0,0.0,0.0,0.0,0.0,0.0,0.0,0.0,0.0,68.0,0.0,0.0,1.0,0.0,0.0,1.0,-1.0,1.0,0.0,0.0,0.0,0.0,0.0,0.0,0.0,0.0,0.0,0.0,0.0,0.0,0.0,0.0,73.0,0.0,0.0,0.0,0.0,0.0,-5.0,8,34,897.410716148,26309.0,0,E0_2014_2015_12
0.0,1.0,0.0,1.0,2.0,2.0,0.0,1.0,0.0,0.0,0.0,0.0,0.0,0.0,0.0,0.0,0.0,0.0,0.0,0.0,0.0,0.0,78.0,1.0,0.0,0.0,3.0,2.0,1.0,1.0,1.0,0.0,0.0,0.0,0.0,0.0,0.0,0.0,0.0,0.0,0.0,0.0,0.0,0.0,0.0,192.0,-1.0,1.0,0.0,-2.0,-1.0,-114.0,8,34,8491.07085483,40157.0,0,E0_2014_2015_13
0.0,0.0,1.0,0.0,1.0,2.0,-1.0,1.0,0.0,0.0,0.0,0.0,0.0,0.0,0.0,0.0,0.0,0.0,0.0,0.0,0.0,0.0,80.0,0.0,1.0,0.0,1.0,2.0,2.0,0.0,1.0,0.0,0.0,0.0,0.0,0.0,0.0,0.0,0.0,0.0,0.0,0.0,0.0,0.0,0.0,70.0,0.0,-1.0,1.0,-1.0,-1.0,10.0,8,34,9706.51252218,32689.0,0,E0_2014_2015_14
1.0,0.0,0.0,3.0,2.0,1.0,1.0,1.0,0.0,0.0,0.0,0.0,0.0,0.0,0.0,0.0,0.0,0.0,0.0,0.0,0.0,0.0,83.0,0.0,0.0,1.0,0.0,1.0,3.0,-2.0,1.0,0.0,0.0,0.0,0.0,0.0,0.0,0.0,0.0,0.0,0.0,0.0,0.0,0.0,0.0,29.0,1.0,0.0,-1.0,3.0,3.0,54.0,8,34,12230.96179,20520.0,1,E0_2014_2015_15
1.0,0.0,0.0,3.0,1.0,0.0,1.0,1.0,0.0,0.0,0.0,0.0,0.0,0.0,0.0,0.0,0.0,0.0,0.0,0.0,0.0,0.0,56.0,0.0,0.0,1.0,0.0,0.0,1.0,-1.0,1.0,0.0,0.0,0.0,0.0,0.0,0.0,0.0,0.0,0.0,0.0,0.0,0.0,0.0,0.0,67.0,1.0,0.0,-1.0,3.0,2.0,-11.0,8,34,12200.8666616,25404.0,0,E0_2014_2015_16
0.0,1.0,0.0,1.0,2.0,2.0,0.0,1.0,0.0,0.0,0.0,0.0,0.0,0.0,0.0,0.0,0.0,0.0,0.0,0.0,0.0,0.0,77.0,0.0,0.0,1.0,0.0,1.0,2.0,-1.0,1.0,0.0,0.0,0.0,0.0,0.0,0.0,0.0,0.0,0.0,0.0,0.0,0.0,0.0,0.0,203.0,0.0,1.0,-1.0,1.0,1.0,-126.0,8,34,9401.08466466,48707.0,0,E0_2014_2015_17
1.0,0.0,0.0,3.0,1.0,0.0,1.0,1.0,0.0,0.0,0.0,0.0,0.0,0.0,0.0,0.0,0.0,0.0,0.0,0.0,0.0,0.0,101.0,0.0,0.0,1.0,0.0,0.0,1.0,-1.0,1.0,0.0,0.0,0.0,0.0,0.0,0.0,0.0,0.0,0.0,0.0,0.0,0.0,0.0,0.0,73.0,1.0,0.0,-1.0,3.0,2.0,28.0,8,34,665.742795806,36230.0,1,E0_2014_2015_18
1.0,0.0,0.0,3.0,2.0,0.0,2.0,1.0,0.0,0.0,0.0,0.0,0.0,0.0,0.0,0.0,0.0,0.0,0.0,0.0,0.0,0.0,194.0,1.0,0.0,0.0,3.0,2.0,1.0,1.0,1.0,0.0,0.0,0.0,0.0,0.0,0.0,0.0,0.0,0.0,0.0,0.0,0.0,0.0,0.0,166.0,0.0,0.0,0.0,0.0,1.0,28.0,8,35,4849.897847,47405.0,1,E0_2014_2015_19
0.0,0.0,2.0,0.0,1.0,4.0,-3.0,2.0,1.0,0.0,0.0,1.0,0.0,1.0,3.0,-2.0,0.0,0.0,0.0,1.0,1.0,3.0,29.0,0.0,1.0,1.0,1.0,2.0,3.0,-1.0,2.0,1.0,0.0,1.0,0.0,1.0,1.0,1.0,0.0,1.0,0.0,1.0,0.0,1.0,1.0,203.0,0.0,-1.0,1.0,-1.0,-2.0,-174.0,8,35,2111.77496751,22546.0,0,E0_2014_2015_20
0.0,2.0,0.0,2.0,4.0,4.0,0.0,2.0,1.0,0.0,1.0,0.0,1.0,2.0,2.0,0.0,1.0,0.0,1.0,0.0,2.0,2.0,78.0,2.0,0.0,0.0,6.0,5.0,1.0,4.0,2.0,1.0,1.0,0.0,0.0,3.0,3.0,1.0,2.0,3.0,1.0,0.0,0.0,3.0,1.0,217.0,-2.0,2.0,0.0,-4.0,-4.0,-139.0,8,35,8105.07472631,40157.0,0,E0_2014_2015_21
2.0,0.0,0.0,6.0,5.0,1.0,4.0,2.0,1.0,1.0,0.0,0.0,3.0,3.0,1.0,2.0,3.0,1.0,0.0,0.0,3.0,1.0,194.0,0.0,1.0,1.0,1.0,1.0,2.0,-1.0,2.0,1.0,0.0,1.0,0.0,1.0,1.0,1.0,0.0,1.0,0.0,1.0,0.0,1.0,1.0,67.0,2.0,-1.0,-1.0,5.0,5.0,127.0,8,35,3155.1913531,47405.0,0,E0_2014_2015_22
0.0,1.0,1.0,1.0,0.0,2.0,-2.0,2.0,1.0,0.0,0.0,1.0,0.0,0.0,2.0,-2.0,0.0,0.0,0.0,1.0,0.0,2.0,65.0,0.0,0.0,2.0,0.0,2.0,5.0,-3.0,2.0,1.0,0.0,0.0,1.0,0.0,1.0,2.0,-1.0,0.0,0.0,0.0,1.0,1.0,2.0,68.0,0.0,1.0,-1.0,1.0,1.0,-3.0,8,35,17225.4093347,52409.0,0,E0_2014_2015_23
0.0,0.0,2.0,0.0,0.0,5.0,-5.0,2.0,1.0,0.0,0.0,1.0,0.0,0.0,1.0,-1.0,0.0,0.0,0.0,1.0,0.0,1.0,73.0,0.0,2.0,0.0,2.0,3.0,3.0,0.0,2.0,1.0,0.0,1.0,0.0,1.0,2.0,2.0,0.0,1.0,0.0,1.0,0.0,2.0,2.0,77.0,0.0,-2.0,2.0,-2.0,-5.0,-4.0,8,35,18059.9639723,18439.0,1,E0_2014_2015_24
2.0,0.0,0.0,6.0,3.0,1.0,2.0,2.0,1.0,1.0,0.0,0.0,3.0,1.0,0.0,1.0,3.0,1.0,0.0,0.0,1.0,0.0,83.0,0.0,2.0,0.0,2.0,2.0,2.0,0.0,2.0,1.0,0.0,1.0,0.0,1.0,0.0,0.0,0.0,1.0,0.0,1.0,0.0,0.0,0.0,70.0,2.0,-2.0,0.0,4.0,2.0,13.0,8,35,3946.52184128,20520.0,1,E0_2014_2015_25
1.0,0.0,1.0,3.0,3.0,2.0,1.0,2.0,1.0,0.0,0.0,1.0,0.0,0.0,1.0,-1.0,0.0,0.0,0.0,1.0,0.0,1.0,73.0,0.0,1.0,1.0,1.0,1.0,2.0,-1.0,2.0,1.0,0.0,0.0,1.0,0.0,1.0,2.0,-1.0,0.0,0.0,0.0,1.0,1.0,2.0,80.0,1.0,-1.0,0.0,2.0,2.0,-7.0,8,35,5879.00802345,35303.0,0,E0_2014_2015_26
1.0,1.0,0.0,4.0,1.0,0.0,1.0,2.0,1.0,0.0,1.0,0.0,1.0,0.0,0.0,0.0,1.0,0.0,1.0,0.0,0.0,0.0,84.0,1.0,1.0,0.0,4.0,2.0,1.0,1.0,2.0,1.0,1.0,0.0,0.0,3.0,1.0,0.0,1.0,3.0,1.0,0.0,0.0,1.0,0.0,56.0,0.0,0.0,0.0,0.0,0.0,28.0,8,35,11475.9443628,42785.0,1,E0_2014_2015_27
0.0,1.0,1.0,1.0,2.0,4.0,-2.0,2.0,1.0,0.0,1.0,0.0,1.0,2.0,2.0,0.0,1.0,0.0,1.0,0.0,2.0,2.0,57.0,1.0,1.0,0.0,4.0,4.0,3.0,1.0,2.0,1.0,0.0,1.0,0.0,1.0,2.0,2.0,0.0,1.0,0.0,1.0,0.0,2.0,2.0,192.0,-1.0,0.0,1.0,-3.0,-3.0,-135.0,8,35,6065.87819303,32500.0,0,E0_2014_2015_28
2.0,0.0,0.0,6.0,5.0,0.0,5.0,2.0,1.0,1.0,0.0,0.0,3.0,4.0,0.0,4.0,3.0,1.0,0.0,0.0,4.0,0.0,101.0,1.0,0.0,1.0,3.0,3.0,4.0,-1.0,2.0,1.0,0.0,0.0,1.0,0.0,1.0,3.0,-2.0,0.0,0.0,0.0,1.0,1.0,3.0,166.0,1.0,0.0,-1.0,3.0,6.0,-65.0,8,35,8720.15409563,36230.0,0,E0_2014_2015_29
0.0,0.0,0.0,0.0,0.0,0.0,0.0,0.0,0.0,0.0,0.0,0.0,0.0,0.0,0.0,0.0,0.0,0.0,0.0,0.0,0.0,0.0,232.0,0.0,0.0,0.0,0.0,0.0,0.0,0.0,0.0,0.0,0.0,0.0,0.0,0.0,0.0,0.0,0.0,0.0,0.0,0.0,0.0,0.0,0.0,100.0,0.0,0.0,0.0,0.0,0.0,132.0,8,32,9459.49334874,75811.0,1,E0_2015_2016_4
0.0,0.0,0.0,0.0,0.0,0.0,0.0,0.0,0.0,0.0,0.0,0.0,0.0,0.0,0.0,0.0,0.0,0.0,0.0,0.0,0.0,0.0,80.0,0.0,0.0,0.0,0.0,0.0,0.0,0.0,0.0,0.0,0.0,0.0,0.0,0.0,0.0,0.0,0.0,0.0,0.0,0.0,0.0,0.0,0.0,84.0,0.0,0.0,0.0,0.0,0.0,-4.0,8,32,14627.3183578,32500.0,1,E0_2015_2016_3
0.0,0.0,0.0,0.0,0.0,0.0,0.0,0.0,0.0,0.0,0.0,0.0,0.0,0.0,0.0,0.0,0.0,0.0,0.0,0.0,0.0,0.0,67.0,0.0,0.0,0.0,0.0,0.0,0.0,0.0,0.0,0.0,0.0,0.0,0.0,0.0,0.0,0.0,0.0,0.0,0.0,0.0,0.0,0.0,0.0,81.0,0.0,0.0,0.0,0.0,0.0,-14.0,8,32,6007.69882816,27010.0,0,E0_2015_2016_5
0.0,0.0,0.0,0.0,0.0,0.0,0.0,0.0,0.0,0.0,0.0,0.0,0.0,0.0,0.0,0.0,0.0,0.0,0.0,0.0,0.0,0.0,224.0,0.0,0.0,0.0,0.0,0.0,0.0,0.0,0.0,0.0,0.0,0.0,0.0,0.0,0.0,0.0,0.0,0.0,0.0,0.0,0.0,0.0,0.0,82.0,0.0,0.0,0.0,0.0,0.0,142.0,8,32,3348.94452809,42449.0,0,E0_2015_2016_1
0.0,0.0,0.0,0.0,0.0,0.0,0.0,0.0,0.0,0.0,0.0,0.0,0.0,0.0,0.0,0.0,0.0,0.0,0.0,0.0,0.0,0.0,60.0,0.0,0.0,0.0,0.0,0.0,0.0,0.0,0.0,0.0,0.0,0.0,0.0,0.0,0.0,0.0,0.0,0.0,0.0,0.0,0.0,0.0,0.0,93.0,0.0,0.0,0.0,0.0,0.0,-33.0,8,32,11297.8511397,11360.0,0,E0_2015_2016_0
0.0,0.0,0.0,0.0,0.0,0.0,0.0,0.0,0.0,0.0,0.0,0.0,0.0,0.0,0.0,0.0,0.0,0.0,0.0,0.0,0.0,0.0,84.0,0.0,0.0,0.0,0.0,0.0,0.0,0.0,0.0,0.0,0.0,0.0,0.0,0.0,0.0,0.0,0.0,0.0,0.0,0.0,0.0,0.0,0.0,58.0,0.0,0.0,0.0,0.0,0.0,26.0,8,32,9215.17964338,40157.0,0,E0_2015_2016_2
0.0,0.0,0.0,0.0,0.0,0.0,0.0,0.0,0.0,0.0,0.0,0.0,0.0,0.0,0.0,0.0,0.0,0.0,0.0,0.0,0.0,0.0,195.0,0.0,0.0,0.0,0.0,0.0,0.0,0.0,0.0,0.0,0.0,0.0,0.0,0.0,0.0,0.0,0.0,0.0,0.0,0.0,0.0,0.0,0.0,85.0,0.0,0.0,0.0,0.0,0.0,110.0,8,32,308.979021446,60361.0,0,E0_2015_2016_6
0.0,0.0,0.0,0.0,0.0,0.0,0.0,0.0,0.0,0.0,0.0,0.0,0.0,0.0,0.0,0.0,0.0,0.0,0.0,0.0,0.0,0.0,75.0,0.0,0.0,0.0,0.0,0.0,0.0,0.0,0.0,0.0,0.0,0.0,0.0,0.0,0.0,0.0,0.0,0.0,0.0,0.0,0.0,0.0,0.0,85.0,0.0,0.0,0.0,0.0,0.0,-10.0,8,32,14101.5773564,52409.0,0,E0_2015_2016_7
0.0,0.0,0.0,0.0,0.0,0.0,0.0,0.0,0.0,0.0,0.0,0.0,0.0,0.0,0.0,0.0,0.0,0.0,0.0,0.0,0.0,0.0,82.0,0.0,0.0,0.0,0.0,0.0,0.0,0.0,0.0,0.0,0.0,0.0,0.0,0.0,0.0,0.0,0.0,0.0,0.0,0.0,0.0,0.0,0.0,208.0,0.0,0.0,0.0,0.0,0.0,-126.0,8,32,5613.8484919,27740.0,0,E0_2015_2016_8
0.0,0.0,0.0,0.0,0.0,0.0,0.0,0.0,0.0,0.0,0.0,0.0,0.0,0.0,0.0,0.0,0.0,0.0,0.0,0.0,0.0,0.0,74.0,0.0,0.0,0.0,0.0,0.0,0.0,0.0,0.0,0.0,0.0,0.0,0.0,0.0,0.0,0.0,0.0,0.0,0.0,0.0,0.0,0.0,0.0,198.0,0.0,0.0,0.0,0.0,0.0,-124.0,8,33,6336.446824,27877.0,0,E0_2015_2016_9
1.0,0.0,0.0,3.0,1.0,0.0,1.0,1.0,0.0,0.0,0.0,0.0,0.0,0.0,0.0,0.0,0.0,0.0,0.0,0.0,0.0,0.0,93.0,1.0,0.0,0.0,3.0,1.0,0.0,1.0,1.0,0.0,0.0,0.0,0.0,0.0,0.0,0.0,0.0,0.0,0.0,0.0,0.0,0.0,0.0,232.0,0.0,0.0,0.0,0.0,0.0,-139.0,8,33,6465.47259185,42785.0,0,E0_2015_2016_10
0.0,1.0,0.0,1.0,2.0,2.0,0.0,1.0,0.0,0.0,0.0,0.0,0.0,0.0,0.0,0.0,0.0,0.0,0.0,0.0,0.0,0.0,58.0,0.0,0.0,1.0,0.0,0.0,3.0,-3.0,1.0,0.0,0.0,0.0,0.0,0.0,0.0,0.0,0.0,0.0,0.0,0.0,0.0,0.0,0.0,74.0,0.0,1.0,-1.0,1.0,3.0,-16.0,8,33,4433.32508044,23500.0,0,E0_2015_2016_15
0.0,1.0,0.0,1.0,2.0,2.0,0.0,1.0,0.0,0.0,0.0,0.0,0.0,0.0,0.0,0.0,0.0,0.0,0.0,0.0,0.0,0.0,85.0,0.0,1.0,0.0,1.0,2.0,2.0,0.0,1.0,0.0,0.0,0.0,0.0,0.0,0.0,0.0,0.0,0.0,0.0,0.0,0.0,0.0,0.0,84.0,0.0,0.0,0.0,0.0,0.0,1.0,8,33,10105.7427768,32689.0,0,E0_2015_2016_11
0.0,0.0,1.0,0.0,2.0,4.0,-2.0,1.0,0.0,0.0,0.0,0.0,0.0,0.0,0.0,0.0,0.0,0.0,0.0,0.0,0.0,0.0,84.0,0.0,0.0,1.0,0.0,1.0,3.0,-2.0,1.0,0.0,0.0,0.0,0.0,0.0,0.0,0.0,0.0,0.0,0.0,0.0,0.0,0.0,0.0,67.0,0.0,0.0,0.0,0.0,0.0,17.0,8,33,15370.9136655,48707.0,0,E0_2015_2016_12
0.0,1.0,0.0,1.0,2.0,2.0,0.0,1.0,0.0,0.0,0.0,0.0,0.0,0.0,0.0,0.0,0.0,0.0,0.0,0.0,0.0,0.0,82.0,0.0,1.0,0.0,1.0,2.0,2.0,0.0,1.0,0.0,0.0,0.0,0.0,0.0,0.0,0.0,0.0,0.0,0.0,0.0,0.0,0.0,0.0,75.0,0.0,0.0,0.0,0.0,0.0,7.0,8,33,18768.588534,20520.0,1,E0_2015_2016_13
0.0,0.0,1.0,0.0,0.0,1.0,-1.0,1.0,0.0,0.0,0.0,0.0,0.0,0.0,0.0,0.0,0.0,0.0,0.0,0.0,0.0,0.0,100.0,0.0,0.0,1.0,0.0,0.0,1.0,-1.0,1.0,0.0,0.0,0.0,0.0,0.0,0.0,0.0,0.0,0.0,0.0,0.0,0.0,0.0,0.0,82.0,0.0,0.0,0.0,0.0,0.0,18.0,8,33,6643.21591347,36230.0,0,E0_2015_2016_14
1.0,0.0,0.0,3.0,2.0,0.0,2.0,1.0,0.0,0.0,0.0,0.0,0.0,0.0,0.0,0.0,0.0,0.0,0.0,0.0,0.0,0.0,85.0,1.0,0.0,0.0,3.0,4.0,2.0,2.0,1.0,0.0,0.0,0.0,0.0,0.0,0.0,0.0,0.0,0.0,0.0,0.0,0.0,0.0,0.0,80.0,0.0,0.0,0.0,0.0,0.0,5.0,8,33,5945.30031992,35303.0,0,E0_2015_2016_16
1.0,0.0,0.0,3.0,3.0,0.0,3.0,1.0,0.0,0.0,0.0,0.0,0.0,0.0,0.0,0.0,0.0,0.0,0.0,0.0,0.0,0.0,198.0,0.0,1.0,0.0,1.0,2.0,2.0,0.0,1.0,0.0,0.0,0.0,0.0,0.0,0.0,0.0,0.0,0.0,0.0,0.0,0.0,0.0,0.0,224.0,1.0,-1.0,0.0,2.0,3.0,-26.0,8,33,9523.88334479,47405.0,1,E0_2015_2016_18
1.0,0.0,0.0,3.0,3.0,1.0,2.0,1.0,0.0,0.0,0.0,0.0,0.0,0.0,0.0,0.0,0.0,0.0,0.0,0.0,0.0,0.0,81.0,0.0,0.0,1.0,0.0,0.0,2.0,-2.0,1.0,0.0,0.0,0.0,0.0,0.0,0.0,0.0,0.0,0.0,0.0,0.0,0.0,0.0,0.0,195.0,1.0,0.0,-1.0,3.0,4.0,-114.0,8,33,999.402062318,26309.0,0,E0_2015_2016_17
1.0,0.0,0.0,3.0,1.0,0.0,1.0,1.0,0.0,0.0,0.0,0.0,0.0,0.0,0.0,0.0,0.0,0.0,0.0,0.0,0.0,0.0,208.0,0.0,0.0,1.0,0.0,0.0,1.0,-1.0,1.0,0.0,0.0,0.0,0.0,0.0,0.0,0.0,0.0,0.0,0.0,0.0,0.0,0.0,0.0,60.0,1.0,0.0,-1.0,3.0,2.0,148.0,8,34,12609.042638,45276.0,1,E0_2015_2016_19
1.0,0.0,1.0,3.0,4.0,3.0,1.0,2.0,1.0,0.0,0.0,1.0,0.0,1.0,2.0,-1.0,0.0,0.0,0.0,1.0,1.0,2.0,81.0,1.0,0.0,1.0,3.0,1.0,1.0,0.0,2.0,1.0,1.0,0.0,0.0,3.0,1.0,0.0,1.0,3.0,1.0,0.0,0.0,1.0,0.0,93.0,0.0,0.0,0.0,0.0,1.0,-12.0,8,34,4427.80826473,26309.0,1,E0_2015_2016_20
2.0,0.0,0.0,6.0,6.0,3.0,3.0,2.0,1.0,1.0,0.0,0.0,3.0,4.0,2.0,2.0,3.0,1.0,0.0,0.0,4.0,2.0,80.0,0.0,1.0,1.0,1.0,2.0,3.0,-1.0,2.0,1.0,0.0,0.0,1.0,0.0,0.0,1.0,-1.0,0.0,0.0,0.0,1.0,0.0,1.0,100.0,2.0,-1.0,-1.0,5.0,4.0,-20.0,8,34,5814.71929305,32500.0,0,E0_2015_2016_21
2.0,0.0,0.0,6.0,2.0,0.0,2.0,2.0,1.0,1.0,0.0,0.0,3.0,1.0,0.0,1.0,3.0,1.0,0.0,0.0,1.0,0.0,232.0,0.0,1.0,1.0,1.0,2.0,4.0,-2.0,2.0,1.0,0.0,0.0,1.0,0.0,0.0,2.0,-2.0,0.0,0.0,0.0,1.0,0.0,2.0,75.0,2.0,-1.0,-1.0,5.0,4.0,157.0,8,34,9639.3243147,75811.0,0,E0_2015_2016_22
1.0,0.0,1.0,3.0,4.0,4.0,0.0,2.0,1.0,0.0,0.0,1.0,0.0,1.0,3.0,-2.0,0.0,0.0,0.0,1.0,1.0,3.0,67.0,0.0,1.0,1.0,1.0,2.0,3.0,-1.0,2.0,1.0,0.0,1.0,0.0,1.0,2.0,2.0,0.0,1.0,0.0,1.0,0.0,2.0,2.0,82.0,1.0,-1.0,0.0,2.0,1.0,-15.0,8,34,12091.8656031,27010.0,0,E0_2015_2016_23
0.0,0.0,2.0,0.0,3.0,7.0,-4.0,2.0,1.0,0.0,0.0,1.0,0.0,1.0,3.0,-2.0,0.0,0.0,0.0,1.0,1.0,3.0,84.0,1.0,1.0,0.0,4.0,4.0,2.0,2.0,2.0,1.0,0.0,1.0,0.0,1.0,2.0,2.0,0.0,1.0,0.0,1.0,0.0,2.0,2.0,82.0,-1.0,-1.0,2.0,-4.0,-6.0,2.0,8,34,18427.6143053,48707.0,0,E0_2015_2016_24
1.0,0.0,1.0,3.0,3.0,2.0,1.0,2.0,1.0,0.0,0.0,1.0,0.0,1.0,2.0,-1.0,0.0,0.0,0.0,1.0,1.0,2.0,85.0,0.0,0.0,2.0,0.0,0.0,2.0,-2.0,2.0,1.0,0.0,0.0,1.0,0.0,0.0,1.0,-1.0,0.0,0.0,0.0,1.0,0.0,1.0,60.0,1.0,0.0,-1.0,3.0,3.0,25.0,8,34,7721.76408931,35303.0,0,E0_2015_2016_25
0.0,1.0,1.0,1.0,0.0,3.0,-3.0,2.0,1.0,0.0,0.0,1.0,0.0,0.0,3.0,-3.0,0.0,0.0,0.0,1.0,0.0,3.0,74.0,0.0,1.0,1.0,1.0,2.0,5.0,-3.0,2.0,1.0,0.0,0.0,1.0,0.0,0.0,3.0,-3.0,0.0,0.0,0.0,1.0,0.0,3.0,224.0,0.0,0.0,0.0,0.0,0.0,-150.0,8,34,4340.28388665,27877.0,0,E0_2015_2016_28
1.0,1.0,0.0,4.0,5.0,2.0,3.0,2.0,1.0,0.0,1.0,0.0,1.0,2.0,2.0,0.0,1.0,0.0,1.0,0.0,2.0,2.0,84.0,2.0,0.0,0.0,6.0,6.0,0.0,6.0,2.0,1.0,1.0,0.0,0.0,3.0,3.0,0.0,3.0,3.0,1.0,0.0,0.0,3.0,0.0,198.0,-1.0,1.0,0.0,-2.0,-3.0,-114.0,8,34,4881.04891423,40157.0,0,E0_2015_2016_26
0.0,2.0,0.0,2.0,2.0,2.0,0.0,2.0,1.0,0.0,1.0,0.0,1.0,0.0,0.0,0.0,1.0,0.0,1.0,0.0,0.0,0.0,58.0,0.0,1.0,1.0,1.0,2.0,5.0,-3.0,2.0,1.0,0.0,1.0,0.0,1.0,2.0,2.0,0.0,1.0,0.0,1.0,0.0,2.0,2.0,85.0,0.0,1.0,-1.0,1.0,3.0,-27.0,8,34,5340.81784322,23500.0,0,E0_2015_2016_27
1.0,0.0,1.0,3.0,2.0,3.0,-1.0,2.0,1.0,0.0,0.0,1.0,0.0,0.0,2.0,-2.0,0.0,0.0,0.0,1.0,0.0,2.0,195.0,2.0,0.0,0.0,6.0,2.0,0.0,2.0,2.0,1.0,1.0,0.0,0.0,3.0,1.0,0.0,1.0,3.0,1.0,0.0,0.0,1.0,0.0,208.0,-1.0,0.0,1.0,-3.0,-3.0,-13.0,8,35,8442.68742344,60361.0,0,E0_2015_2016_29
0.0,2.0,1.0,2.0,3.0,4.0,-1.0,3.0,1.0,0.0,1.0,0.0,1.0,2.0,2.0,0.0,1.0,0.0,1.0,0.0,2.0,2.0,100.0,1.0,1.0,1.0,4.0,5.0,4.0,1.0,3.0,1.0,1.0,0.0,0.0,3.0,3.0,0.0,3.0,3.0,1.0,0.0,0.0,3.0,0.0,84.0,-1.0,1.0,0.0,-2.0,-2.0,16.0,8,35,8769.47189374,36230.0,0,E0_2015_2016_37
0.0,2.0,1.0,2.0,3.0,4.0,-1.0,3.0,1.0,0.0,0.0,1.0,0.0,0.0,1.0,-1.0,0.0,0.0,0.0,1.0,0.0,1.0,82.0,0.0,1.0,2.0,1.0,2.0,6.0,-4.0,3.0,1.0,0.0,1.0,0.0,1.0,0.0,0.0,0.0,1.0,0.0,1.0,0.0,0.0,0.0,74.0,0.0,1.0,-1.0,1.0,3.0,8.0,8,35,3223.96675688,27740.0,0,E0_2015_2016_36
0.0,2.0,1.0,2.0,2.0,4.0,-2.0,3.0,1.0,0.0,1.0,0.0,1.0,2.0,2.0,0.0,1.0,0.0,1.0,0.0,2.0,2.0,75.0,1.0,1.0,1.0,4.0,2.0,3.0,-1.0,3.0,1.0,1.0,0.0,0.0,3.0,2.0,1.0,1.0,3.0,1.0,0.0,0.0,2.0,1.0,195.0,-1.0,1.0,0.0,-2.0,-1.0,-120.0,8,35,18223.8520168,52409.0,0,E0_2015_2016_35
3.0,0.0,0.0,9.0,8.0,0.0,8.0,3.0,1.0,1.0,0.0,0.0,3.0,3.0,0.0,3.0,3.0,1.0,0.0,0.0,3.0,0.0,198.0,0.0,3.0,0.0,3.0,2.0,2.0,0.0,3.0,1.0,0.0,1.0,0.0,1.0,2.0,2.0,0.0,1.0,0.0,1.0,0.0,2.0,2.0,58.0,3.0,-3.0,0.0,6.0,8.0,140.0,8,35,10216.2162748,47405.0,1,E0_2015_2016_34
1.0,0.0,2.0,3.0,2.0,3.0,-1.0,3.0,1.0,0.0,0.0,1.0,0.0,0.0,1.0,-1.0,0.0,0.0,0.0,1.0,0.0,1.0,93.0,0.0,1.0,2.0,1.0,4.0,8.0,-4.0,3.0,1.0,0.0,0.0,1.0,0.0,2.0,4.0,-2.0,0.0,0.0,0.0,1.0,2.0,4.0,84.0,1.0,-1.0,0.0,2.0,3.0,9.0,8,35,15369.2036831,42785.0,0,E0_2015_2016_30
1.0,1.0,1.0,4.0,5.0,7.0,-2.0,3.0,1.0,0.0,1.0,0.0,1.0,2.0,2.0,0.0,1.0,0.0,1.0,0.0,2.0,2.0,224.0,2.0,0.0,1.0,6.0,6.0,4.0,2.0,3.0,1.0,1.0,0.0,0.0,3.0,3.0,1.0,2.0,3.0,1.0,0.0,0.0,3.0,1.0,81.0,-1.0,1.0,0.0,-2.0,-4.0,143.0,8,35,590.334746648,42449.0,0,E0_2015_2016_32
1.0,0.0,2.0,3.0,4.0,5.0,-1.0,3.0,1.0,0.0,0.0,1.0,0.0,0.0,1.0,-1.0,0.0,0.0,0.0,1.0,0.0,1.0,60.0,2.0,1.0,0.0,7.0,7.0,4.0,3.0,3.0,1.0,1.0,0.0,0.0,3.0,2.0,1.0,1.0,3.0,1.0,0.0,0.0,2.0,1.0,80.0,-1.0,-1.0,2.0,-4.0,-4.0,-20.0,8,35,11048.3269005,11360.0,0,E0_2015_2016_31
2.0,1.0,0.0,7.0,2.0,0.0,2.0,3.0,1.0,1.0,0.0,0.0,3.0,1.0,0.0,1.0,3.0,1.0,0.0,0.0,1.0,0.0,208.0,1.0,0.0,2.0,3.0,6.0,6.0,0.0,3.0,1.0,1.0,0.0,0.0,3.0,2.0,0.0,2.0,3.0,1.0,0.0,0.0,2.0,0.0,85.0,1.0,1.0,-2.0,4.0,2.0,123.0,8,35,8239.69136728,45276.0,0,E0_2015_2016_33
0.0,2.0,1.0,2.0,2.0,5.0,-3.0,3.0,1.0,0.0,0.0,1.0,0.0,0.0,3.0,-3.0,0.0,0.0,0.0,1.0,0.0,3.0,85.0,1.0,1.0,1.0,4.0,5.0,5.0,0.0,3.0,1.0,1.0,0.0,0.0,3.0,3.0,1.0,2.0,3.0,1.0,0.0,0.0,3.0,1.0,67.0,-1.0,1.0,0.0,-2.0,-3.0,18.0,8,35,2308.11811453,32689.0,1,E0_2015_2016_38
1.0,2.0,0.0,5.0,5.0,3.0,2.0,3.0,1.0,1.0,0.0,0.0,3.0,2.0,0.0,2.0,3.0,1.0,0.0,0.0,2.0,0.0,82.0,2.0,1.0,0.0,7.0,2.0,0.0,2.0,3.0,1.0,1.0,0.0,0.0,3.0,1.0,0.0,1.0,3.0,1.0,0.0,0.0,1.0,0.0,232.0,-1.0,1.0,0.0,-2.0,0.0,-150.0,8,35,10268.018801,20520.0,1,E0_2015_2016_39
0.0,0.0,0.0,0.0,0.0,0.0,0.0,0.0,0.0,0.0,0.0,0.0,0.0,0.0,0.0,0.0,0.0,0.0,0.0,0.0,0.0,0.0,34.0,0.0,0.0,0.0,0.0,0.0,0.0,0.0,0.0,0.0,0.0,0.0,0.0,0.0,0.0,0.0,0.0,0.0,0.0,0.0,0.0,0.0,0.0,75.9,0.0,0.0,0.0,0.0,0.0,-41.9,8,32,11098.2463544,34988.0,0,E0_2016_2017_5
0.0,0.0,0.0,0.0,0.0,0.0,0.0,0.0,0.0,0.0,0.0,0.0,0.0,0.0,0.0,0.0,0.0,0.0,0.0,0.0,0.0,0.0,225.0,0.0,0.0,0.0,0.0,0.0,0.0,0.0,0.0,0.0,0.0,0.0,0.0,0.0,0.0,0.0,0.0,0.0,0.0,0.0,0.0,0.0,0.0,68.3,0.0,0.0,0.0,0.0,0.0,156.7,8,32,9246.30716387,47405.0,1,E0_2016_2017_4
0.0,0.0,0.0,0.0,0.0,0.0,0.0,0.0,0.0,0.0,0.0,0.0,0.0,0.0,0.0,0.0,0.0,0.0,0.0,0.0,0.0,0.0,25.0,0.0,0.0,0.0,0.0,0.0,0.0,0.0,0.0,0.0,0.0,0.0,0.0,0.0,0.0,0.0,0.0,0.0,0.0,0.0,0.0,0.0,0.0,66.0,0.0,0.0,0.0,0.0,0.0,-41.0,8,32,8460.07973957,25404.0,1,E0_2016_2017_3
0.0,0.0,0.0,0.0,0.0,0.0,0.0,0.0,0.0,0.0,0.0,0.0,0.0,0.0,0.0,0.0,0.0,0.0,0.0,0.0,0.0,0.0,63.6,0.0,0.0,0.0,0.0,0.0,0.0,0.0,0.0,0.0,0.0,0.0,0.0,0.0,0.0,0.0,0.0,0.0,0.0,0.0,0.0,0.0,0.0,41.0,0.0,0.0,0.0,0.0,0.0,22.6,8,32,5340.81784322,32689.0,0,E0_2016_2017_6
0.0,0.0,0.0,0.0,0.0,0.0,0.0,0.0,0.0,0.0,0.0,0.0,0.0,0.0,0.0,0.0,0.0,0.0,0.0,0.0,0.0,0.0,55.0,0.0,0.0,0.0,0.0,0.0,0.0,0.0,0.0,0.0,0.0,0.0,0.0,0.0,0.0,0.0,0.0,0.0,0.0,0.0,0.0,0.0,0.0,65.0,0.0,0.0,0.0,0.0,0.0,-10.0,8,32,4223.13991362,26309.0,0,E0_2016_2017_1
0.0,0.0,0.0,0.0,0.0,0.0,0.0,0.0,0.0,0.0,0.0,0.0,0.0,0.0,0.0,0.0,0.0,0.0,0.0,0.0,0.0,0.0,33.0,0.0,0.0,0.0,0.0,0.0,0.0,0.0,0.0,0.0,0.0,0.0,0.0,0.0,0.0,0.0,0.0,0.0,0.0,0.0,0.0,0.0,0.0,59.0,0.0,0.0,0.0,0.0,0.0,-26.0,8,32,12230.96179,22546.0,0,E0_2016_2017_0
0.0,0.0,0.0,0.0,0.0,0.0,0.0,0.0,0.0,0.0,0.0,0.0,0.0,0.0,0.0,0.0,0.0,0.0,0.0,0.0,0.0,0.0,83.0,0.0,0.0,0.0,0.0,0.0,0.0,0.0,0.0,0.0,0.0,0.0,0.0,0.0,0.0,0.0,0.0,0.0,0.0,0.0,0.0,0.0,0.0,121.2,0.0,0.0,0.0,0.0,0.0,-38.2,8,32,8769.47189374,40157.0,0,E0_2016_2017_2
0.0,0.0,0.0,0.0,0.0,0.0,0.0,0.0,0.0,0.0,0.0,0.0,0.0,0.0,0.0,0.0,0.0,0.0,0.0,0.0,0.0,0.0,200.5,0.0,0.0,0.0,0.0,0.0,0.0,0.0,0.0,0.0,0.0,0.0,0.0,0.0,0.0,0.0,0.0,0.0,0.0,0.0,0.0,0.0,0.0,165.6,0.0,0.0,0.0,0.0,0.0,34.9,8,32,8442.68742344,60361.0,0,E0_2016_2017_7
0.0,0.0,0.0,0.0,0.0,0.0,0.0,0.0,0.0,0.0,0.0,0.0,0.0,0.0,0.0,0.0,0.0,0.0,0.0,0.0,0.0,0.0,34.0,0.0,0.0,0.0,0.0,0.0,0.0,0.0,0.0,0.0,0.0,0.0,0.0,0.0,0.0,0.0,0.0,0.0,0.0,0.0,0.0,0.0,0.0,220.8,0.0,0.0,0.0,0.0,0.0,-186.8,8,32,16197.4359355,11360.0,0,E0_2016_2017_8
0.0,0.0,0.0,0.0,0.0,0.0,0.0,0.0,0.0,0.0,0.0,0.0,0.0,0.0,0.0,0.0,0.0,0.0,0.0,0.0,0.0,0.0,218.0,0.0,0.0,0.0,0.0,0.0,0.0,0.0,0.0,0.0,0.0,0.0,0.0,0.0,0.0,0.0,0.0,0.0,0.0,0.0,0.0,0.0,0.0,79.8,0.0,0.0,0.0,0.0,0.0,138.2,8,33,571.226108662,42449.0,1,E0_2016_2017_9
1.0,0.0,0.0,3.0,3.0,1.0,2.0,1.0,0.0,0.0,0.0,0.0,0.0,0.0,0.0,0.0,0.0,0.0,0.0,0.0,0.0,0.0,220.8,0.0,1.0,0.0,1.0,1.0,1.0,0.0,1.0,0.0,0.0,0.0,0.0,0.0,0.0,0.0,0.0,0.0,0.0,0.0,0.0,0.0,0.0,63.6,1.0,-1.0,0.0,2.0,2.0,157.2,8,33,13573.4157544,75811.0,1,E0_2016_2017_10
1.0,0.0,0.0,3.0,1.0,0.0,1.0,1.0,0.0,0.0,0.0,0.0,0.0,0.0,0.0,0.0,0.0,0.0,0.0,0.0,0.0,0.0,65.0,0.0,1.0,0.0,1.0,1.0,1.0,0.0,1.0,0.0,0.0,0.0,0.0,0.0,0.0,0.0,0.0,0.0,0.0,0.0,0.0,0.0,0.0,83.0,1.0,-1.0,0.0,2.0,1.0,-18.0,8,33,7996.86869118,27877.0,0,E0_2016_2017_17
0.0,0.0,1.0,0.0,0.0,1.0,-1.0,1.0,1.0,0.0,0.0,1.0,0.0,0.0,1.0,-1.0,0.0,0.0,0.0,1.0,0.0,1.0,33.0,1.0,0.0,0.0,3.0,4.0,3.0,1.0,1.0,1.0,1.0,0.0,0.0,3.0,4.0,3.0,1.0,3.0,1.0,0.0,0.0,4.0,3.0,165.6,-1.0,0.0,1.0,-3.0,-2.0,-132.6,8,33,5069.67539931,22546.0,1,E0_2016_2017_11
0.0,0.0,1.0,0.0,1.0,2.0,-1.0,1.0,0.0,0.0,0.0,0.0,0.0,0.0,0.0,0.0,0.0,0.0,0.0,0.0,0.0,0.0,66.0,0.0,0.0,1.0,0.0,3.0,4.0,-1.0,1.0,0.0,0.0,0.0,0.0,0.0,0.0,0.0,0.0,0.0,0.0,0.0,0.0,0.0,0.0,200.5,0.0,0.0,0.0,0.0,0.0,-134.5,8,33,6065.87819303,32500.0,0,E0_2016_2017_12
0.0,1.0,0.0,1.0,1.0,1.0,0.0,1.0,0.0,0.0,0.0,0.0,0.0,0.0,0.0,0.0,0.0,0.0,0.0,0.0,0.0,0.0,75.9,1.0,0.0,0.0,3.0,2.0,1.0,1.0,1.0,0.0,0.0,0.0,0.0,0.0,0.0,0.0,0.0,0.0,0.0,0.0,0.0,0.0,0.0,225.0,-1.0,1.0,0.0,-2.0,-1.0,-149.1,8,33,3155.1913531,27740.0,0,E0_2016_2017_13
1.0,0.0,0.0,3.0,1.0,0.0,1.0,1.0,0.0,0.0,0.0,0.0,0.0,0.0,0.0,0.0,0.0,0.0,0.0,0.0,0.0,0.0,59.0,1.0,0.0,0.0,3.0,2.0,1.0,1.0,1.0,0.0,0.0,0.0,0.0,0.0,0.0,0.0,0.0,0.0,0.0,0.0,0.0,0.0,0.0,25.0,0.0,0.0,0.0,0.0,0.0,34.0,8,33,11035.7272665,20520.0,0,E0_2016_2017_14
0.0,1.0,0.0,1.0,1.0,1.0,0.0,1.0,0.0,0.0,0.0,0.0,0.0,0.0,0.0,0.0,0.0,0.0,0.0,0.0,0.0,0.0,121.2,0.0,0.0,1.0,0.0,0.0,1.0,-1.0,1.0,0.0,0.0,0.0,0.0,0.0,0.0,0.0,0.0,0.0,0.0,0.0,0.0,0.0,0.0,55.0,0.0,1.0,-1.0,1.0,1.0,66.2,8,33,1306.65076077,36230.0,1,E0_2016_2017_15
0.0,1.0,0.0,1.0,1.0,1.0,0.0,1.0,0.0,0.0,0.0,0.0,0.0,0.0,0.0,0.0,0.0,0.0,0.0,0.0,0.0,0.0,41.0,1.0,0.0,0.0,3.0,2.0,1.0,1.0,1.0,0.0,0.0,0.0,0.0,0.0,0.0,0.0,0.0,0.0,0.0,0.0,0.0,0.0,0.0,218.0,-1.0,1.0,0.0,-2.0,-1.0,-177.0,8,33,1124.13395808,23500.0,0,E0_2016_2017_16
0.0,0.0,1.0,0.0,1.0,2.0,-1.0,1.0,0.0,0.0,0.0,0.0,0.0,0.0,0.0,0.0,0.0,0.0,0.0,0.0,0.0,0.0,79.8,0.0,0.0,1.0,0.0,1.0,3.0,-2.0,1.0,0.0,0.0,0.0,0.0,0.0,0.0,0.0,0.0,0.0,0.0,0.0,0.0,0.0,0.0,34.0,0.0,0.0,0.0,0.0,1.0,45.8,8,33,7721.76408931,35303.0,1,E0_2016_2017_19
0.0,0.0,1.0,0.0,1.0,2.0,-1.0,1.0,0.0,0.0,0.0,0.0,0.0,0.0,0.0,0.0,0.0,0.0,0.0,0.0,0.0,0.0,68.3,0.0,1.0,0.0,1.0,1.0,1.0,0.0,1.0,0.0,0.0,0.0,0.0,0.0,0.0,0.0,0.0,0.0,0.0,0.0,0.0,0.0,0.0,34.0,0.0,-1.0,1.0,-1.0,-1.0,34.3,8,33,2148.0449139,48707.0,0,E0_2016_2017_18
2.0,0.0,0.0,6.0,4.0,2.0,2.0,2.0,1.0,1.0,0.0,0.0,3.0,2.0,1.0,1.0,3.0,1.0,0.0,0.0,2.0,1.0,218.0,1.0,0.0,1.0,3.0,2.0,1.0,1.0,2.0,0.0,0.0,0.0,0.0,0.0,0.0,0.0,0.0,0.0,0.0,0.0,0.0,0.0,0.0,33.0,1.0,0.0,-1.0,3.0,1.0,185.0,8,34,11317.831407,42449.0,1,E0_2016_2017_20
0.0,0.0,2.0,0.0,0.0,2.0,-2.0,2.0,1.0,0.0,0.0,1.0,0.0,0.0,1.0,-1.0,0.0,0.0,0.0,1.0,0.0,1.0,55.0,0.0,0.0,2.0,0.0,1.0,4.0,-3.0,2.0,1.0,0.0,0.0,1.0,0.0,0.0,1.0,-1.0,0.0,0.0,0.0,1.0,0.0,1.0,34.0,0.0,0.0,0.0,0.0,1.0,21.0,8,34,7786.99564623,26309.0,0,E0_2016_2017_21
1.0,1.0,0.0,4.0,3.0,2.0,1.0,2.0,1.0,0.0,1.0,0.0,1.0,1.0,1.0,0.0,1.0,0.0,1.0,0.0,1.0,1.0,83.0,0.0,1.0,1.0,1.0,2.0,5.0,-3.0,2.0,1.0,0.0,1.0,0.0,1.0,1.0,1.0,0.0,1.0,0.0,1.0,0.0,1.0,1.0,75.9,1.0,0.0,-1.0,3.0,4.0,7.1,8,34,5671.64757567,40157.0,1,E0_2016_2017_22
2.0,0.0,0.0,6.0,4.0,1.0,3.0,2.0,1.0,1.0,0.0,0.0,3.0,2.0,1.0,1.0,3.0,1.0,0.0,0.0,2.0,1.0,25.0,2.0,0.0,0.0,6.0,5.0,1.0,4.0,2.0,1.0,1.0,0.0,0.0,3.0,3.0,1.0,2.0,3.0,1.0,0.0,0.0,3.0,1.0,220.8,0.0,0.0,0.0,0.0,-1.0,-195.8,8,34,11993.8854747,25404.0,0,E0_2016_2017_23
0.0,1.0,1.0,1.0,1.0,2.0,-1.0,2.0,1.0,0.0,1.0,0.0,1.0,0.0,0.0,0.0,1.0,0.0,1.0,0.0,0.0,0.0,66.0,1.0,0.0,1.0,3.0,1.0,2.0,-1.0,2.0,1.0,1.0,0.0,0.0,3.0,1.0,0.0,1.0,3.0,1.0,0.0,0.0,1.0,0.0,59.0,-1.0,1.0,0.0,-2.0,0.0,7.0,8,34,3851.2465984,32500.0,1,E0_2016_2017_24
0.0,1.0,1.0,1.0,1.0,3.0,-2.0,2.0,1.0,0.0,1.0,0.0,1.0,1.0,1.0,0.0,1.0,0.0,1.0,0.0,1.0,1.0,63.6,0.0,0.0,2.0,0.0,2.0,4.0,-2.0,2.0,1.0,0.0,0.0,1.0,0.0,1.0,2.0,-1.0,0.0,0.0,0.0,1.0,1.0,2.0,68.3,0.0,1.0,-1.0,1.0,0.0,-4.7,8,34,14491.5914341,32689.0,0,E0_2016_2017_25
1.0,1.0,0.0,4.0,2.0,1.0,1.0,2.0,1.0,1.0,0.0,0.0,3.0,1.0,0.0,1.0,3.0,1.0,0.0,0.0,1.0,0.0,121.2,1.0,0.0,1.0,3.0,4.0,5.0,-1.0,2.0,2.0,1.0,0.0,1.0,3.0,4.0,5.0,-1.0,3.0,1.0,0.0,1.0,2.0,2.5,165.6,0.0,1.0,-1.0,1.0,2.0,-44.4,8,34,8720.15409563,36230.0,0,E0_2016_2017_26
0.0,1.0,1.0,1.0,2.0,3.0,-1.0,2.0,1.0,0.0,0.0,1.0,0.0,1.0,2.0,-1.0,0.0,0.0,0.0,1.0,1.0,2.0,41.0,0.0,1.0,1.0,1.0,3.0,4.0,-1.0,2.0,1.0,0.0,1.0,0.0,1.0,0.0,0.0,0.0,1.0,0.0,1.0,0.0,0.0,0.0,200.5,0.0,0.0,0.0,0.0,0.0,-159.5,8,34,737.05953419,23500.0,0,E0_2016_2017_27
2.0,0.0,0.0,6.0,6.0,2.0,4.0,2.0,1.0,1.0,0.0,0.0,3.0,2.0,1.0,1.0,3.0,1.0,0.0,0.0,2.0,1.0,225.0,1.0,0.0,1.0,3.0,2.0,2.0,0.0,2.0,1.0,0.0,0.0,1.0,0.0,1.0,2.0,-1.0,0.0,0.0,0.0,1.0,1.0,2.0,79.8,1.0,0.0,-1.0,3.0,4.0,145.2,8,34,9286.44117303,47405.0,1,E0_2016_2017_28
1.0,0.0,1.0,3.0,2.0,2.0,0.0,2.0,1.0,0.0,0.0,1.0,0.0,1.0,2.0,-1.0,0.0,0.0,0.0,1.0,1.0,2.0,65.0,1.0,1.0,0.0,4.0,3.0,2.0,1.0,2.0,1.0,1.0,0.0,0.0,3.0,2.0,1.0,1.0,3.0,1.0,0.0,0.0,2.0,1.0,34.0,0.0,-1.0,1.0,-1.0,-1.0,31.0,8,34,13661.0373325,27877.0,0,E0_2016_2017_29
